,Date,Min_Temp,Max_Temp
1685,31/12/15,-208,365
1610,30/12/15,-261,366
1892,29/12/15,-202,376
923,28/12/15,-218,372
733,27/12/15,-224,326
1385,26/12/15,-289,305
3261,25/12/15,-234,292
2999,24/12/15,-263,274
3670,23/12/15,-229,292
3490,22/12/15,-276,294
2309,21/12/15,-225,302
2820,20/12/15,-238,295
2720,19/12/15,-238,300
176,18/12/15,-257,294
67,17/12/15,-256,300
296,16/12/15,-256,306
6818,15/12/15,-236,305
7683,14/12/15,-220,294
7319,13/12/15,-255,310
7734,12/12/15,-177,308
4581,11/12/15,-227,308
5028,10/12/15,-153,317
3945,09/12/15,-193,322
4305,08/12/15,-219,339
6583,07/12/15,-187,349
5482,06/12/15,-203,349
5564,05/12/15,-126,326
5941,04/12/15,-194,333
5444,03/12/15,-211,323
6053,02/12/15,-219,319
3938,01/12/15,-197,344
5032,30/11/15,-210,324
4705,29/11/15,-202,324
7519,28/11/15,-176,326
7207,27/11/15,-169,329
7302,26/11/15,-184,342
4691,25/11/15,-178,350
4376,24/11/15,-142,353
6545,23/11/15,-174,357
5688,22/11/15,-157,360
6397,21/11/15,-153,347
4310,20/11/15,-175,342
4033,19/11/15,-177,352
4563,18/11/15,-178,349
6896,17/11/15,-180,332
7295,16/11/15,-192,343
210,15/11/15,-143,343
462,14/11/15,-87,360
2824,13/11/15,-174,369
2249,12/11/15,-166,372
3113,11/11/15,-173,356
1185,10/11/15,-159,350
859,09/11/15,-114,339
1961,08/11/15,-195,339
1548,07/11/15,-144,341
1537,06/11/15,-153,357
981,05/11/15,-144,365
1089,04/11/15,-97,370
3007,03/11/15,-126,374
2447,02/11/15,-150,362
157,01/11/15,-139,343
144,31/10/15,-139,336
7094,30/10/15,-123,324
7907,29/10/15,-115,325
4147,28/10/15,-128,360
4374,27/10/15,-121,377
5390,26/10/15,-141,364
5535,25/10/15,-77,370
4146,24/10/15,-115,385
7637,23/10/15,-117,392
7758,22/10/15,-120,392
7226,21/10/15,-83,384
4708,20/10/15,-67,396
4063,19/10/15,-112,394
6174,18/10/15,-128,405
5435,17/10/15,-130,406
5908,16/10/15,-55,396
5490,15/10/15,-122,394
6318,14/10/15,-112,388
3896,13/10/15,-109,386
4105,12/10/15,-106,392
4815,11/10/15,-96,395
7162,10/10/15,-95,396
7306,09/10/15,-50,392
6803,08/10/15,-68,396
235,07/10/15,-87,400
17,06/10/15,-62,394
74,05/10/15,-40,396
2393,04/10/15,-59,405
2465,03/10/15,-69,415
3671,02/10/15,-56,410
3074,01/10/15,-70,407
1370,30/09/15,-42,400
871,29/09/15,-61,395
1940,28/09/15,-13,378
2102,27/09/15,-45,380
1689,26/09/15,-30,371
1477,25/09/15,-26,370
1921,24/09/15,-19,362
868,23/09/15,8,355
1152,22/09/15,-50,370
3035,21/09/15,19,377
3457,20/09/15,-4,380
2552,19/09/15,-29,395
2779,18/09/15,-6,409
560,17/09/15,4,411
224,16/09/15,-1,420
6893,15/09/15,-3,418
6961,14/09/15,-19,420
7807,13/09/15,-26,416
4512,12/09/15,-26,414
4102,11/09/15,-1,407
4252,10/09/15,-10,402
5340,09/09/15,-13,401
5817,08/09/15,-8,398
5293,07/09/15,16,390
4391,06/09/15,11,395
4862,05/09/15,13,382
7147,04/09/15,16,387
6927,03/09/15,11,376
5233,02/09/15,23,381
4145,01/09/15,25,374
5279,31/08/15,21,380
5456,30/08/15,22,391
4364,29/08/15,22,394
4794,28/08/15,11,391
7561,27/08/15,19,391
282,26/08/15,22,388
2327,25/08/15,-11,375
2517,24/08/15,14,370
1296,23/08/15,-43,376
743,22/08/15,-27,360
1708,21/08/15,-29,357
1569,20/08/15,-33,366
1900,19/08/15,9,373
847,18/08/15,24,380
3155,17/08/15,8,382
2591,16/08/15,28,353
2286,15/08/15,51,370
91,14/08/15,-3,375
272,13/08/15,31,374
7253,12/08/15,19,377
4704,11/08/15,6,397
4136,10/08/15,-2,390
4180,09/08/15,-28,383
6468,08/08/15,2,386
5721,07/08/15,9,376
6013,06/08/15,12,376
4834,05/08/15,5,375
7288,04/08/15,41,385
7548,03/08/15,12,378
7166,02/08/15,16,343
4696,01/08/15,10,394
4060,31/07/15,10,350
4383,30/07/15,17,352
5514,29/07/15,14,424
5607,28/07/15,6,408
5679,27/07/15,-11,397
6465,26/07/15,-22,374
6246,25/07/15,-19,430
4411,24/07/15,-33,387
3963,23/07/15,-39,387
4556,22/07/15,-20,405
7689,21/07/15,-18,390
7204,20/07/15,2,398
7626,19/07/15,-16,414
7058,18/07/15,-30,414
121,17/07/15,-23,391
663,16/07/15,-26,401
308,15/07/15,-25,396
2932,14/07/15,52,394
2289,13/07/15,10,386
2428,12/07/15,46,384
3126,11/07/15,62,395
3239,10/07/15,-3,440
1104,09/07/15,-23,400
815,08/07/15,28,395
1959,07/07/15,24,425
1886,06/07/15,0,402
1508,05/07/15,-17,407
1681,04/07/15,-8,405
1589,03/07/15,37,398
1869,02/07/15,47,420
952,01/07/15,35,416
830,30/06/15,58,414
1158,29/06/15,37,438
3008,28/06/15,25,414
3434,27/06/15,55,410
2311,26/06/15,32,408
2361,25/06/15,32,400
2767,24/06/15,5,416
150,23/06/15,43,427
13,22/06/15,45,428
6772,21/06/15,-27,462
8170,20/06/15,-28,462
7516,19/06/15,9,451
8057,18/06/15,6,441
5117,17/06/15,-1,427
3878,16/06/15,-10,416
4276,15/06/15,2,401
6114,14/06/15,-1,420
5543,13/06/15,-7,428
5669,12/06/15,-23,433
5303,11/06/15,-7,434
6346,10/06/15,-52,458
4112,09/06/15,-47,466
4598,08/06/15,-9,460
7097,07/06/15,-11,448
6756,06/06/15,-19,442
6866,05/06/15,-21,424
4615,04/06/15,-44,425
6147,03/06/15,-1,425
5453,02/06/15,-29,448
5377,01/06/15,-17,454
4227,31/05/15,-6,456
3853,30/05/15,-44,458
4847,29/05/15,-46,468
6913,28/05/15,-36,454
566,27/05/15,-9,470
369,26/05/15,-33,468
2340,25/05/15,-56,464
2520,24/05/15,-20,468
3153,23/05/15,-16,466
834,22/05/15,-25,462
982,21/05/15,-39,455
1538,20/05/15,-45,462
1574,19/05/15,-20,464
724,18/05/15,-58,464
3400,17/05/15,-17,454
2237,16/05/15,-17,454
130,15/05/15,-12,445
595,14/05/15,-13,420
7143,13/05/15,-45,428
4996,12/05/15,-69,433
6098,11/05/15,-90,433
5262,10/05/15,-34,434
4222,09/05/15,-87,445
4692,08/05/15,-73,445
6788,07/05/15,-24,448
6874,06/05/15,-79,443
5149,05/05/15,-79,446
6112,04/05/15,-71,446
5706,03/05/15,-87,449
5548,02/05/15,-58,445
6546,01/05/15,-86,445
3939,30/04/15,-59,442
5138,29/04/15,-62,443
4731,28/04/15,-97,437
7215,27/04/15,-85,440
6809,26/04/15,-109,433
458,25/04/15,-113,441
613,24/04/15,-116,432
2700,23/04/15,-113,435
2494,22/04/15,-103,430
3546,21/04/15,-74,438
3219,20/04/15,-81,445
1365,19/04/15,-103,436
957,18/04/15,-80,430
1642,17/04/15,-74,432
1687,16/04/15,-66,425
1504,15/04/15,-94,400
1933,14/04/15,-110,390
759,13/04/15,-89,390
1123,12/04/15,-122,384
3067,11/04/15,-148,396
3088,10/04/15,-111,420
2555,09/04/15,-111,409
2835,08/04/15,-116,402
2742,07/04/15,-135,397
147,06/04/15,-118,387
299,05/04/15,-95,406
7412,04/04/15,-73,414
7308,03/04/15,-73,410
7687,02/04/15,-96,399
4522,01/04/15,-104,386
4208,31/03/15,-79,385
4195,30/03/15,-87,378
6501,29/03/15,-125,410
5415,28/03/15,-102,414
5553,27/03/15,-150,429
4161,26/03/15,-107,416
4647,25/03/15,-175,420
6952,24/03/15,-177,407
6856,23/03/15,-113,415
7042,22/03/15,-156,412
4972,21/03/15,-212,402
5384,20/03/15,-150,387
5327,19/03/15,-161,380
4156,18/03/15,-148,360
3966,17/03/15,-125,355
7362,16/03/15,-97,348
7267,15/03/15,-157,367
442,14/03/15,-162,366
2662,13/03/15,-131,368
3440,12/03/15,-176,371
1255,11/03/15,-208,363
858,10/03/15,-215,358
2084,09/03/15,-164,360
1701,08/03/15,-231,345
967,07/03/15,-199,334
756,06/03/15,-218,335
3201,05/03/15,-238,322
3111,04/03/15,-201,302
2509,03/03/15,-191,322
2651,02/03/15,-139,275
412,01/03/15,-164,327
421,28/02/15,-202,368
7825,27/02/15,-131,348
7455,26/02/15,-168,380
5069,25/02/15,-156,364
4137,24/02/15,-130,369
6140,23/02/15,-146,378
5400,22/02/15,-209,385
5436,21/02/15,-172,372
3949,20/02/15,-191,370
7011,19/02/15,-220,347
6737,18/02/15,-150,356
6853,17/02/15,-184,346
6824,16/02/15,-237,355
4716,15/02/15,-217,353
4009,14/02/15,-226,344
4170,13/02/15,-241,352
6541,12/02/15,-236,344
5638,11/02/15,-253,315
5381,10/02/15,-211,319
5529,09/02/15,-213,308
6084,08/02/15,-208,305
4179,07/02/15,-237,314
4048,06/02/15,-218,323
5062,05/02/15,-244,311
4679,04/02/15,-210,322
7026,03/02/15,-211,314
7013,02/02/15,-226,302
7363,01/02/15,-236,318
711,31/01/15,-271,331
61,30/01/15,-234,300
258,29/01/15,-247,300
2664,28/01/15,-185,303
2829,27/01/15,-178,303
2292,26/01/15,-223,299
3541,25/01/15,-261,297
3174,24/01/15,-222,293
3323,23/01/15,-189,285
1127,22/01/15,-218,294
874,21/01/15,-279,287
909,20/01/15,-269,295
1876,19/01/15,-289,291
1615,18/01/15,-306,290
1679,17/01/15,-220,285
1527,16/01/15,-255,270
817,15/01/15,-253,277
3572,14/01/15,-228,285
2353,13/01/15,-252,316
246,12/01/15,-297,334
6926,11/01/15,-299,318
7769,10/01/15,-317,312
4074,09/01/15,-311,317
5613,08/01/15,-235,322
5339,07/01/15,-267,308
4925,06/01/15,-247,315
7480,05/01/15,-216,296
4883,04/01/15,-173,292
5416,03/01/15,-223,286
4868,02/01/15,-224,270
8088,01/01/15,-287,271
3,31/12/14,-298,274
3644,30/12/14,-287,282
1958,29/12/14,-348,280
721,28/12/14,-261,280
1380,27/12/14,-218,296
187,26/12/14,-262,284
3862,25/12/14,-291,290
5496,24/12/14,-217,287
6759,23/12/14,-259,280
4921,22/12/14,-200,300
5481,21/12/14,-241,300
5557,20/12/14,-199,290
4505,19/12/14,-260,286
6974,18/12/14,-264,280
1,17/12/14,-237,270
2330,16/12/14,-260,282
3044,15/12/14,-248,288
732,14/12/14,-230,273
1825,13/12/14,-236,278
1251,12/12/14,-256,296
2871,11/12/14,-234,314
178,10/12/14,-219,309
7638,09/12/14,-94,327
4221,08/12/14,-205,323
5439,07/12/14,-208,325
6162,06/12/14,-181,335
4896,05/12/14,-208,340
5498,04/12/14,-197,367
4034,03/12/14,-188,344
2250,02/12/14,-196,352
1649,01/12/14,-198,338
1552,30/11/14,-229,338
3295,29/11/14,-173,335
146,28/11/14,-191,345
4998,27/11/14,-185,350
5784,26/11/14,-153,344
4021,25/11/14,-218,356
7320,24/11/14,-169,346
4182,23/11/14,-152,345
5798,22/11/14,-180,355
4200,21/11/14,-182,346
4612,20/11/14,-170,366
7307,19/11/14,-197,365
455,18/11/14,-164,370
2426,17/11/14,-188,354
3142,16/11/14,-173,362
1047,15/11/14,-191,343
1672,14/11/14,-150,364
1887,13/11/14,-168,367
1087,12/11/14,-144,363
3466,11/11/14,-159,345
2694,10/11/14,-100,352
88,09/11/14,-103,358
7424,08/11/14,-194,352
4646,07/11/14,-189,358
6105,06/11/14,-132,360
5886,05/11/14,-144,350
3877,04/11/14,-112,353
7285,03/11/14,-143,380
4617,02/11/14,-151,365
5818,01/11/14,-128,360
4790,31/10/14,-111,350
599,30/10/14,-107,350
2351,29/10/14,-102,371
1186,28/10/14,-102,375
1734,27/10/14,-89,375
3288,26/10/14,-91,373
55,25/10/14,-87,390
4555,24/10/14,-110,385
6106,23/10/14,-91,403
5096,22/10/14,-121,390
3930,21/10/14,-90,385
5307,20/10/14,-108,394
4984,19/10/14,-90,382
7049,18/10/14,-74,392
486,17/10/14,-81,384
3488,16/10/14,-78,382
886,15/10/14,-78,373
990,14/10/14,-62,380
1785,13/10/14,-74,422
873,12/10/14,-72,416
2242,11/10/14,-63,435
262,10/10/14,-54,422
6786,09/10/14,-40,405
4586,08/10/14,-40,397
4293,07/10/14,-40,398
5689,06/10/14,-39,397
4808,05/10/14,-82,407
7549,04/10/14,-65,407
6617,03/10/14,-52,401
4032,02/10/14,-62,389
6988,01/10/14,-60,381
389,30/09/14,-30,385
911,29/09/14,-47,377
1618,28/09/14,-55,378
839,27/09/14,-43,377
2449,26/09/14,-21,371
167,25/09/14,-39,374
4642,24/09/14,-36,395
6085,23/09/14,-44,379
5786,22/09/14,-6,379
4558,21/09/14,15,384
7109,20/09/14,-10,397
4428,19/09/14,-28,397
5747,18/09/14,-23,390
6623,17/09/14,-23,377
4095,16/09/14,0,375
6888,15/09/14,8,382
7440,14/09/14,-5,394
281,13/09/14,24,371
2860,12/09/14,24,373
3562,11/09/14,8,392
862,10/09/14,29,396
1924,09/09/14,26,396
1529,08/09/14,20,392
739,07/09/14,29,371
3112,06/09/14,23,370
310,05/09/14,23,360
6946,04/09/14,24,385
4872,03/09/14,29,360
5429,02/09/14,15,380
3927,01/09/14,3,396
6819,31/08/14,24,402
5300,30/08/14,-8,401
6268,29/08/14,6,390
7602,28/08/14,1,390
1280,27/08/14,-17,405
1895,26/08/14,-24,412
1120,25/08/14,8,412
4130,24/08/14,-18,408
5243,23/08/14,-26,400
7958,22/08/14,6,400
4196,21/08/14,3,402
3804,20/08/14,41,402
6820,19/08/14,37,406
41,18/08/14,16,387
1883,17/08/14,35,378
1644,16/08/14,18,372
3321,15/08/14,21,370
277,14/08/14,-11,380
4514,13/08/14,-12,390
5932,12/08/14,37,402
4953,11/08/14,50,408
3954,10/08/14,37,395
80,09/08/14,58,389
1024,08/08/14,54,386
801,07/08/14,108,376
180,06/08/14,152,381
4378,05/08/14,61,393
5407,04/08/14,60,396
4030,03/08/14,53,405
4404,02/08/14,50,390
4184,01/08/14,45,398
7200,31/07/14,27,398
305,30/07/14,47,378
2238,29/07/14,52,432
1655,28/07/14,40,430
1770,27/07/14,20,418
3278,26/07/14,20,405
2641,25/07/14,5,412
7212,24/07/14,-9,430
4031,23/07/14,60,430
5359,22/07/14,79,410
4485,21/07/14,60,407
3848,20/07/14,68,398
4536,19/07/14,60,411
2603,18/07/14,59,415
1868,17/07/14,49,431
2415,16/07/14,11,438
6771,15/07/14,9,438
3783,14/07/14,21,438
4677,13/07/14,112,427
3958,12/07/14,30,435
4765,11/07/14,47,435
2357,10/07/14,39,432
796,09/07/14,47,427
804,08/07/14,60,427
3186,07/07/14,51,426
2730,06/07/14,49,419
4814,05/07/14,45,411
6211,04/07/14,32,412
3921,03/07/14,-15,412
5422,02/07/14,42,414
4133,01/07/14,-12,416
153,30/06/14,11,423
986,29/06/14,2,423
1209,28/06/14,45,418
160,27/06/14,12,418
4507,26/06/14,37,412
5097,25/06/14,27,411
4535,24/06/14,28,415
6079,23/06/14,42,416
4194,22/06/14,36,430
4523,21/06/14,16,440
29,20/06/14,3,447
2580,19/06/14,22,436
831,18/06/14,17,442
1767,17/06/14,-28,452
1567,16/06/14,-28,440
1881,15/06/14,10,430
812,14/06/14,-22,422
1203,13/06/14,3,431
3583,12/06/14,-13,450
2236,11/06/14,-1,484
2638,10/06/14,0,472
676,09/06/14,1,480
143,08/06/14,11,486
7679,07/06/14,18,476
7223,06/06/14,-36,480
4738,05/06/14,-24,474
3974,04/06/14,-16,470
4296,03/06/14,-35,458
5523,02/06/14,-30,458
5430,01/06/14,-11,460
5473,31/05/14,-57,465
4066,30/05/14,-11,465
4519,29/05/14,-33,468
7654,28/05/14,-25,472
6794,27/05/14,-41,462
4568,26/05/14,-30,454
5282,25/05/14,-44,436
5717,24/05/14,-24,445
3792,23/05/14,-85,445
7085,22/05/14,-35,465
7534,21/05/14,-65,436
81,20/05/14,-34,430
2675,19/05/14,-103,435
3110,18/05/14,-65,431
1099,17/05/14,-77,434
962,16/05/14,-81,418
1691,15/05/14,-58,415
1885,14/05/14,-86,420
1212,13/05/14,-88,428
614,12/05/14,-82,426
685,11/05/14,-113,435
4717,10/05/14,-92,426
4918,09/05/14,-37,433
5246,08/05/14,-73,433
4111,07/05/14,-104,440
7864,06/05/14,-54,444
7056,05/05/14,-105,424
5075,04/05/14,-94,424
5507,03/05/14,-66,435
5368,02/05/14,-98,455
5487,01/05/14,-107,459
3898,30/04/14,-95,456
4553,29/04/14,-111,442
7255,28/04/14,-65,430
363,27/04/14,-94,452
410,26/04/14,-139,430
2378,25/04/14,-120,425
3472,24/04/14,-72,426
3005,23/04/14,-113,412
843,22/04/14,-118,408
1069,21/04/14,-112,396
1551,20/04/14,-104,407
1781,19/04/14,-79,400
1036,18/04/14,-115,408
3237,17/04/14,-113,415
3461,16/04/14,-117,415
2630,15/04/14,-116,429
348,14/04/14,-125,424
7131,13/04/14,-78,424
6948,12/04/14,-179,426
3967,11/04/14,-105,423
4298,10/04/14,-125,414
5315,09/04/14,-106,408
5501,08/04/14,-90,419
4013,07/04/14,-122,424
7063,06/04/14,-118,412
4750,05/04/14,-159,412
5349,04/04/14,-99,417
6473,03/04/14,-156,406
4634,02/04/14,-184,392
710,01/04/14,-137,392
2613,31/03/14,-154,409
1191,30/03/14,-113,413
797,29/03/14,-122,403
1714,28/03/14,-143,400
1049,27/03/14,-152,394
3195,26/03/14,-111,384
2434,25/03/14,-159,370
444,24/03/14,-153,380
7280,23/03/14,-185,385
7891,22/03/14,-176,374
4092,21/03/14,-136,363
5703,20/03/14,-149,381
4138,19/03/14,-152,370
4508,18/03/14,-172,380
7937,17/03/14,-104,380
4761,16/03/14,-172,386
3830,15/03/14,-190,380
5601,14/03/14,-204,376
5249,13/03/14,-167,352
5530,12/03/14,-170,342
3905,11/03/14,-176,347
4606,10/03/14,-197,364
6813,09/03/14,-188,366
6920,08/03/14,-242,354
244,07/03/14,-196,350
578,06/03/14,-182,346
2764,05/03/14,-161,333
2472,04/03/14,-203,327
3019,03/03/14,-180,316
1139,02/03/14,-189,318
726,01/03/14,-188,306
2092,28/02/14,-151,306
1697,27/02/14,-169,326
1619,26/02/14,-168,329
947,25/02/14,-193,327
1360,24/02/14,-217,308
3226,23/02/14,-225,303
3578,22/02/14,-227,319
2349,21/02/14,-214,307
2736,20/02/14,-219,310
30,19/02/14,-251,314
7155,18/02/14,-304,306
7072,17/02/14,-297,294
7156,16/02/14,-126,274
4669,15/02/14,-185,290
3798,14/02/14,-248,307
6004,13/02/14,-275,314
5321,12/02/14,-224,300
5343,11/02/14,-230,311
6309,10/02/14,-214,326
4526,09/02/14,-190,330
7381,08/02/14,-196,329
7854,07/02/14,-218,330
3835,06/02/14,-164,324
5320,05/02/14,-154,337
5549,04/02/14,-165,326
4052,03/02/14,-228,323
7933,02/02/14,-238,330
7001,01/02/14,-240,331
481,31/01/14,-241,322
2420,30/01/14,-239,317
3326,29/01/14,-236,324
808,28/01/14,-215,318
1466,27/01/14,-208,302
1608,26/01/14,-243,301
1270,25/01/14,-228,295
2372,24/01/14,-223,296
334,23/01/14,-208,290
6887,22/01/14,-256,284
4880,21/01/14,-290,291
5345,20/01/14,-290,279
4008,19/01/14,-261,285
7022,18/01/14,-251,294
7838,17/01/14,-263,280
4603,16/01/14,-241,276
6131,15/01/14,-227,274
5861,14/01/14,-229,289
6146,13/01/14,-288,265
3782,12/01/14,-246,270
4524,11/01/14,-235,245
6750,10/01/14,-221,286
28,09/01/14,-247,280
332,08/01/14,-275,304
2503,07/01/14,-228,285
3094,06/01/14,-221,263
1218,05/01/14,-239,294
764,04/01/14,-269,284
1870,03/01/14,-232,294
1749,02/01/14,-243,291
1942,01/01/14,-220,284
842,31/12/13,-256,286
1184,30/12/13,-263,284
3610,29/12/13,-253,286
2360,28/12/13,-241,278
372,27/12/13,-244,288
82,26/12/13,-250,280
7271,25/12/13,-203,284
7105,24/12/13,-236,284
4565,23/12/13,-203,286
3894,22/12/13,-220,300
6102,21/12/13,-238,286
5358,20/12/13,-206,294
4438,19/12/13,-214,316
4720,18/12/13,-240,310
6843,17/12/13,-250,308
6792,16/12/13,-277,299
4232,15/12/13,-273,310
5392,14/12/13,-190,320
4039,13/12/13,-226,324
7065,12/12/13,-217,310
601,11/12/13,-197,316
2332,10/12/13,-191,320
3318,09/12/13,-219,315
880,08/12/13,-185,315
1478,07/12/13,-200,320
1931,06/12/13,-223,328
822,05/12/13,-218,320
3651,04/12/13,-181,325
2382,03/12/13,-220,315
373,02/12/13,-225,324
205,01/12/13,-225,335
7195,30/11/13,-176,325
4911,29/11/13,-199,329
6235,28/11/13,-207,372
5460,27/11/13,-213,336
4300,26/11/13,-180,337
4516,25/11/13,-201,358
7853,24/11/13,-246,333
6778,23/11/13,-126,336
4826,22/11/13,-181,336
3890,21/11/13,-204,336
5297,20/11/13,-203,345
5851,19/11/13,-191,333
5503,18/11/13,-209,323
4267,17/11/13,-197,307
3832,16/11/13,-220,318
4662,15/11/13,-198,315
6968,14/11/13,-209,317
6889,13/11/13,-170,316
632,12/11/13,-168,309
233,11/11/13,-171,310
2689,10/11/13,-163,313
2392,09/11/13,-142,313
3418,08/11/13,-157,329
3013,07/11/13,-92,336
1097,06/11/13,-188,346
728,05/11/13,-217,354
1861,04/11/13,-177,352
1469,03/11/13,-197,360
1674,02/11/13,-129,353
1863,01/11/13,-164,348
810,31/10/13,-123,344
1154,30/10/13,-156,356
3085,29/10/13,-116,359
2440,28/10/13,-154,364
2266,27/10/13,-108,370
35,26/10/13,-99,365
243,25/10/13,-98,355
7463,24/10/13,-171,390
7611,23/10/13,-123,376
4781,22/10/13,-122,380
3789,21/10/13,-92,383
4188,20/10/13,-89,383
5483,19/10/13,-71,378
5700,18/10/13,-63,385
6006,17/10/13,-62,392
3933,16/10/13,-59,394
6937,15/10/13,-67,400
7439,14/10/13,-97,392
4840,13/10/13,-42,369
5676,12/10/13,-51,400
5603,11/10/13,-69,379
3824,10/10/13,-72,379
7542,09/10/13,-65,387
6865,08/10/13,-80,387
177,07/10/13,-79,394
2479,06/10/13,-76,394
3145,05/10/13,-72,385
889,04/10/13,-40,390
1806,03/10/13,-27,377
792,02/10/13,-44,406
3053,01/10/13,-60,392
2874,30/09/13,-59,361
7603,29/09/13,-7,362
8171,28/09/13,-52,360
3979,27/09/13,-56,374
5685,26/09/13,-34,403
4124,25/09/13,-36,385
7311,24/09/13,-44,377
4604,23/09/13,-17,378
6261,22/09/13,-3,389
5773,21/09/13,5,411
6265,20/09/13,-17,435
4387,19/09/13,-13,410
4757,18/09/13,-23,405
7508,17/09/13,-13,400
85,16/09/13,-14,413
73,15/09/13,7,414
2389,14/09/13,-30,417
3137,13/09/13,-40,417
1219,12/09/13,-59,405
861,11/09/13,-56,406
1553,10/09/13,-53,381
1727,09/09/13,220,368
875,08/09/13,-38,382
1454,07/09/13,-28,383
3469,06/09/13,-1,377
2271,05/09/13,-9,374
163,04/09/13,29,397
7299,03/09/13,39,384
6802,02/09/13,37,381
3942,01/09/13,47,389
5271,31/08/13,36,387
5363,30/08/13,-8,387
4540,29/08/13,41,395
7334,28/08/13,36,370
5089,27/08/13,10,395
4240,26/08/13,59,407
4993,25/08/13,26,402
5213,24/08/13,28,386
684,23/08/13,21,387
2572,22/08/13,32,377
1453,21/08/13,30,382
1799,20/08/13,33,382
913,19/08/13,27,371
3292,18/08/13,29,363
2235,17/08/13,28,363
516,16/08/13,23,347
7898,15/08/13,26,353
4599,14/08/13,17,383
6016,13/08/13,0,383
5813,12/08/13,-7,377
5157,11/08/13,-7,375
7038,10/08/13,82,378
6777,09/08/13,-6,379
3989,08/08/13,-13,393
5455,07/08/13,-5,371
5730,06/08/13,84,390
6031,05/08/13,18,401
3845,04/08/13,-2,397
4827,03/08/13,0,404
7365,02/08/13,-14,404
6751,01/08/13,-5,382
313,31/07/13,6,427
238,30/07/13,8,410
2406,29/07/13,-14,406
3405,28/07/13,37,406
3340,27/07/13,26,376
1027,26/07/13,10,413
2096,25/07/13,33,430
1743,24/07/13,26,430
1564,23/07/13,66,398
750,22/07/13,26,406
3337,21/07/13,36,398
2583,20/07/13,20,400
2306,19/07/13,19,409
4,18/07/13,20,410
539,17/07/13,49,410
7240,16/07/13,72,421
7047,15/07/13,45,435
4132,14/07/13,50,427
4256,13/07/13,57,405
5360,12/07/13,50,409
5891,11/07/13,49,412
5017,10/07/13,41,389
7773,09/07/13,51,410
7106,08/07/13,35,418
4057,07/07/13,61,418
5472,06/07/13,30,427
4158,05/07/13,66,428
5200,04/07/13,65,428
543,03/07/13,47,423
2653,02/07/13,47,418
3549,01/07/13,41,418
738,30/06/13,27,400
2170,29/06/13,32,422
1164,28/06/13,18,412
2285,27/06/13,-7,423
690,26/06/13,-22,438
4510,25/06/13,19,444
3992,24/06/13,18,438
5716,23/06/13,25,436
5002,22/06/13,5,435
4593,21/06/13,26,436
4987,20/06/13,16,440
5780,19/06/13,43,420
4472,18/06/13,-6,416
4373,17/06/13,40,393
7423,16/06/13,30,416
200,15/06/13,38,417
640,14/06/13,9,417
2443,13/06/13,31,413
1116,12/06/13,-21,426
783,11/06/13,-37,448
1544,10/06/13,-69,452
1598,09/06/13,-10,450
912,08/06/13,17,481
3061,07/06/13,30,470
3492,06/06/13,14,470
2670,05/06/13,10,466
424,04/06/13,11,465
6784,03/06/13,-13,456
7491,02/06/13,-2,462
4119,01/06/13,-36,462
6110,31/05/13,-10,452
5259,30/05/13,-5,444
4304,29/05/13,-34,445
4741,28/05/13,-30,455
6980,27/05/13,-18,455
4655,26/05/13,-30,460
5673,25/05/13,-62,477
4465,24/05/13,-27,480
4588,23/05/13,-25,486
59,22/05/13,-32,482
2460,21/05/13,-38,475
1146,20/05/13,-56,465
1499,19/05/13,-43,483
1471,18/05/13,-37,484
1132,17/05/13,-37,470
2568,16/05/13,-59,460
688,15/05/13,-40,435
456,14/05/13,-74,445
7071,13/05/13,-55,449
3775,12/05/13,-35,449
5440,11/05/13,-67,460
4396,10/05/13,-49,463
8065,09/05/13,-57,463
7125,08/05/13,-62,452
4849,07/05/13,-54,448
3790,06/05/13,-47,463
6518,05/05/13,-62,463
5562,04/05/13,-48,445
6262,03/05/13,-68,439
4126,02/05/13,-52,447
5095,01/05/13,-54,459
7512,30/04/13,-39,435
7661,29/04/13,-48,423
71,28/04/13,-82,434
620,27/04/13,-53,434
2284,26/04/13,-65,430
2436,25/04/13,-67,430
3099,24/04/13,-86,407
742,23/04/13,-73,390
904,22/04/13,-64,370
1468,21/04/13,-88,399
1541,20/04/13,-91,410
3611,19/04/13,-118,412
199,18/04/13,-112,423
7075,17/04/13,-101,423
6144,16/04/13,-128,415
4273,15/04/13,-128,445
5114,14/04/13,-108,425
6481,13/04/13,-130,425
7051,12/04/13,-111,425
3303,11/04/13,-133,429
2042,10/04/13,-99,432
623,09/04/13,-123,432
5690,08/04/13,-165,419
6806,07/04/13,-167,410
5286,06/04/13,-151,404
7019,05/04/13,-163,410
2518,04/04/13,-103,386
853,03/04/13,-119,394
1686,02/04/13,-119,397
2,01/04/13,-116,390
6748,31/03/13,-149,387
5489,30/03/13,-128,387
7044,29/03/13,-118,367
4266,28/03/13,-139,384
2631,27/03/13,-134,393
907,26/03/13,-135,396
42,25/03/13,-139,390
5311,24/03/13,-94,379
7880,23/03/13,-182,393
5538,22/03/13,-123,379
4554,21/03/13,-170,382
555,20/03/13,-144,385
2940,19/03/13,-154,384
1658,18/03/13,-146,379
1086,17/03/13,-167,386
3104,16/03/13,-138,378
333,15/03/13,-160,366
7229,14/03/13,-136,358
6138,13/03/13,-201,377
4361,12/03/13,-171,384
5302,11/03/13,-156,374
3936,10/03/13,-171,374
2272,09/03/13,-166,376
1516,08/03/13,-185,403
2902,07/03/13,-194,401
3993,06/03/13,-192,398
7597,05/03/13,-203,388
6285,04/03/13,-222,383
6947,03/03/13,-226,380
2288,02/03/13,-233,362
1587,01/03/13,-227,346
1889,28/02/13,-133,360
2678,27/02/13,-214,350
6971,26/02/13,-264,348
6047,25/02/13,-282,336
4809,24/02/13,-244,332
7984,23/02/13,-155,338
8085,22/02/13,-274,339
1179,21/02/13,-334,354
1029,20/02/13,-334,335
2424,19/02/13,-338,325
6826,18/02/13,-183,310
5334,17/02/13,-160,294
3874,16/02/13,-181,274
5350,15/02/13,-251,330
4356,14/02/13,-253,359
6744,13/02/13,-239,360
27,12/02/13,-273,355
3159,11/02/13,-269,347
932,10/02/13,-345,337
1535,09/02/13,-367,315
757,08/02/13,-182,299
1100,07/02/13,-105,323
2307,06/02/13,-163,329
677,05/02/13,-174,313
6849,04/02/13,-193,313
4622,03/02/13,-267,328
4330,02/02/13,-171,332
5752,01/02/13,-259,337
3829,31/01/13,-282,332
6976,30/01/13,-319,328
4313,29/01/13,-304,313
5996,28/01/13,-285,312
8058,27/01/13,-249,302
149,26/01/13,-349,295
2303,25/01/13,-338,290
1952,24/01/13,-328,292
941,23/01/13,-348,300
2412,22/01/13,-335,284
7740,21/01/13,-347,279
4471,20/01/13,-208,284
4873,19/01/13,-150,330
7122,18/01/13,-191,330
6478,17/01/13,-263,314
6132,16/01/13,-235,310
4503,15/01/13,-254,305
668,14/01/13,-219,310
2318,13/01/13,-209,313
1250,12/01/13,-247,342
1657,11/01/13,-272,328
1853,10/01/13,-259,305
3378,09/01/13,-277,295
435,08/01/13,-258,275
45,07/01/13,-257,267
4456,06/01/13,-255,275
5432,05/01/13,-252,278
4680,04/01/13,-263,273
4934,03/01/13,-282,280
4224,02/01/13,-180,290
2765,01/01/13,-280,288
3357,31/12/12,-284,292
945,30/12/12,-301,282
3168,29/12/12,-289,275
6841,28/12/12,-213,316
4403,27/12/12,-204,316
5675,26/12/12,-222,316
3823,25/12/12,-216,312
4698,24/12/12,-248,315
5571,23/12/12,-278,322
5823,22/12/12,-248,320
4836,21/12/12,-223,308
6775,20/12/12,-192,307
127,19/12/12,-178,310
2513,18/12/12,-250,322
1157,17/12/12,-196,306
1597,16/12/12,-185,309
1666,15/12/12,-177,306
1140,14/12/12,-265,310
2253,13/12/12,-216,312
491,12/12/12,-207,321
7518,11/12/12,-237,323
3947,10/12/12,-219,324
5461,09/12/12,-192,327
3901,08/12/12,-208,326
6860,07/12/12,-228,348
3955,06/12/12,-206,336
4116,05/12/12,-230,327
69,04/12/12,-183,330
2507,03/12/12,-250,320
1650,02/12/12,-194,309
1307,01/12/12,-246,299
472,30/11/12,-188,309
4640,29/11/12,-182,317
6922,28/11/12,-213,336
4225,27/11/12,-203,337
5326,26/11/12,-239,328
4497,25/11/12,-207,329
51,24/11/12,-176,336
2308,23/11/12,-198,334
849,22/11/12,-161,345
1694,21/11/12,-194,340
1248,20/11/12,-178,337
2260,19/11/12,-163,339
283,18/11/12,-147,346
4712,17/11/12,-212,344
4329,16/11/12,-230,348
5421,15/11/12,-176,353
7839,14/11/12,-181,353
5025,13/11/12,-191,358
4164,12/11/12,-187,365
214,11/11/12,-188,357
1098,10/11/12,-186,356
1613,09/11/12,-147,355
1194,08/11/12,-192,349
106,07/11/12,-143,355
4766,06/11/12,-133,345
5296,05/11/12,-169,350
4349,04/11/12,-163,360
7357,03/11/12,-180,360
3843,02/11/12,-131,360
5267,01/11/12,-130,370
3903,31/10/12,-139,374
4829,30/10/12,-146,370
97,29/10/12,-159,370
2629,28/10/12,-126,366
2458,27/10/12,-128,365
1202,26/10/12,-162,365
2021,25/10/12,-126,370
1669,24/10/12,-126,372
1637,23/10/12,-113,379
969,22/10/12,-123,380
893,21/10/12,-148,380
1110,20/10/12,-103,377
3040,19/10/12,-118,382
3716,18/10/12,-102,374
2459,17/10/12,-111,365
2290,16/10/12,-124,371
2751,15/10/12,-88,371
387,14/10/12,-91,370
226,13/10/12,-92,373
135,12/10/12,-93,380
6871,11/10/12,-75,380
7014,10/10/12,-84,385
7866,09/10/12,-90,390
4024,08/10/12,-74,380
3806,07/10/12,-68,377
6152,06/10/12,-47,384
6361,05/10/12,-66,386
5281,04/10/12,-81,390
5410,03/10/12,-47,390
6080,02/10/12,-42,405
3807,01/10/12,-28,400
4571,30/09/12,-48,390
7571,29/09/12,-30,380
6770,28/09/12,-28,374
7029,27/09/12,-35,368
4352,26/09/12,-29,372
5330,25/09/12,-34,375
5597,24/09/12,-29,380
6063,23/09/12,-40,367
3826,22/09/12,-24,402
7015,21/09/12,-14,385
7158,20/09/12,10,400
218,19/09/12,10,365
255,18/09/12,-3,350
2525,17/09/12,-28,362
3167,16/09/12,-13,380
1387,15/09/12,-7,375
807,14/09/12,-29,380
1503,13/09/12,-71,375
1577,12/09/12,-60,374
922,11/09/12,-35,370
3238,10/09/12,15,370
3408,09/09/12,12,355
54,08/09/12,-6,360
652,07/09/12,20,364
6745,06/09/12,-7,362
3827,05/09/12,-28,370
6527,04/09/12,-43,396
5531,03/09/12,-41,403
4900,02/09/12,-44,403
6760,01/09/12,-36,400
7006,31/08/12,14,392
4509,30/08/12,29,395
4425,29/08/12,46,395
5508,28/08/12,5,405
5761,27/08/12,7,386
5567,26/08/12,17,388
4435,25/08/12,-4,400
4098,24/08/12,13,458
4602,23/08/12,2,396
7141,22/08/12,18,391
6909,21/08/12,7,403
122,20/08/12,12,425
129,19/08/12,-1,403
2654,18/08/12,45,403
2282,17/08/12,41,385
3029,16/08/12,39,395
1173,15/08/12,34,415
857,14/08/12,21,393
917,13/08/12,44,400
1811,12/08/12,31,405
1847,11/08/12,65,405
906,10/08/12,37,418
1081,09/08/12,57,415
1231,08/08/12,61,415
3524,07/08/12,48,412
2255,06/08/12,36,402
2705,05/08/12,64,390
261,04/08/12,57,410
7474,03/08/12,18,420
7553,02/08/12,-2,425
4639,01/08/12,-6,417
3882,31/07/12,6,404
6615,30/07/12,68,406
5554,29/07/12,60,423
5502,28/07/12,67,420
3920,27/07/12,60,420
7124,26/07/12,59,420
7128,25/07/12,50,440
4726,24/07/12,4,435
6378,23/07/12,35,435
5979,22/07/12,36,430
3973,21/07/12,49,406
6839,20/07/12,51,416
443,19/07/12,44,424
523,18/07/12,34,435
2500,17/07/12,42,416
960,16/07/12,53,410
1790,15/07/12,41,378
1786,14/07/12,48,410
767,13/07/12,41,425
3050,12/07/12,-1,426
2432,11/07/12,38,433
2686,10/07/12,47,436
33,09/07/12,20,436
7765,08/07/12,39,403
5080,07/07/12,3,420
3849,06/07/12,14,422
6357,05/07/12,27,456
5834,04/07/12,-6,474
6166,03/07/12,40,478
4687,02/07/12,49,468
6997,01/07/12,46,458
6886,30/06/12,18,452
3964,29/06/12,37,452
3866,28/06/12,41,443
5447,27/06/12,42,443
5387,26/06/12,30,450
6434,25/06/12,22,445
4433,24/06/12,23,450
3815,23/06/12,29,446
4597,22/06/12,5,465
4674,21/06/12,11,460
7098,20/06/12,26,451
480,19/06/12,7,455
515,18/06/12,20,465
222,17/06/12,15,475
2636,16/06/12,15,468
2593,15/06/12,6,468
3385,14/06/12,-5,467
3289,13/06/12,10,465
1245,12/06/12,20,448
745,11/06/12,4,462
1977,10/06/12,2,455
1479,09/06/12,7,448
1729,08/06/12,-8,448
2214,07/06/12,-42,453
1062,06/06/12,-12,453
1272,05/06/12,-26,454
3269,04/06/12,2,469
3640,03/06/12,-4,476
2490,02/06/12,12,477
2408,01/06/12,-42,478
2773,31/05/12,-18,478
136,30/05/12,-12,480
229,29/05/12,-40,474
7230,28/05/12,-23,466
7368,27/05/12,-28,466
7693,26/05/12,-37,472
5056,25/05/12,-35,472
4416,24/05/12,-37,462
6077,23/05/12,-40,455
5558,22/05/12,-48,453
5764,21/05/12,-32,453
5565,20/05/12,-31,449
6157,19/05/12,-23,449
4891,18/05/12,-59,463
8194,17/05/12,-29,463
8218,16/05/12,-47,460
7500,15/05/12,-66,455
4595,14/05/12,-50,436
5254,13/05/12,-39,427
5462,12/05/12,-72,435
6012,11/05/12,-46,443
3915,10/05/12,-43,443
4854,09/05/12,-45,437
6940,08/05/12,-65,431
184,07/05/12,-80,431
2411,06/05/12,-55,433
3698,05/05/12,-60,430
1216,04/05/12,-67,440
915,03/05/12,-55,435
1626,02/05/12,-89,433
1614,01/05/12,-78,427
997,30/04/12,-65,426
3015,29/04/12,-67,423
2512,28/04/12,-58,420
306,27/04/12,-69,418
7278,26/04/12,-78,417
5094,25/04/12,-100,416
4320,24/04/12,-66,416
5404,23/04/12,-65,415
5425,22/04/12,-71,407
8133,21/04/12,-141,423
6767,20/04/12,-166,423
7203,19/04/12,-140,418
4055,18/04/12,-141,416
6193,17/04/12,-130,406
5261,16/04/12,-91,415
6436,15/04/12,-74,403
4206,14/04/12,-107,391
4628,13/04/12,-99,398
4707,12/04/12,-110,410
7192,11/04/12,-83,419
76,10/04/12,-92,425
227,09/04/12,-110,425
2838,08/04/12,-97,420
2328,07/04/12,-130,420
3024,06/04/12,-124,435
1142,05/04/12,-83,418
772,04/04/12,-77,422
2068,03/04/12,-68,420
1704,02/04/12,-116,415
1490,01/04/12,-131,423
1899,31/03/12,-207,423
795,30/03/12,-169,420
1093,29/03/12,-140,411
3027,28/03/12,-143,406
2453,27/03/12,-105,403
2363,26/03/12,-128,400
2728,25/03/12,-148,400
470,24/03/12,-147,397
552,23/03/12,-173,392
6969,22/03/12,-127,396
6753,21/03/12,-109,398
4547,20/03/12,-133,395
4407,19/03/12,-144,402
4312,18/03/12,-137,400
5495,17/03/12,-174,390
5686,16/03/12,-200,384
6109,15/03/12,-161,370
4152,14/03/12,-127,353
4513,13/03/12,-221,364
7411,12/03/12,-206,364
8035,11/03/12,-183,338
7136,10/03/12,-167,345
4214,09/03/12,-165,350
5964,08/03/12,-170,356
4257,07/03/12,-131,379
4635,06/03/12,-181,379
7198,05/03/12,-167,370
206,04/03/12,-225,363
621,03/03/12,-240,360
2499,02/03/12,-229,345
1237,01/03/12,-208,351
964,29/02/12,-178,344
965,28/02/12,-147,352
1526,27/02/12,-187,362
984,26/02/12,-177,364
1197,25/02/12,-152,375
3041,24/02/12,-148,376
2493,23/02/12,-138,372
2900,22/02/12,-146,366
93,21/02/12,-203,358
7457,20/02/12,-223,354
7380,19/02/12,-238,356
4683,18/02/12,-236,327
3924,17/02/12,-240,310
4297,16/02/12,-234,294
5840,15/02/12,-190,341
5251,14/02/12,-183,324
4022,13/02/12,-252,309
6817,12/02/12,-208,306
7027,11/02/12,-291,314
7232,10/02/12,-271,280
4552,09/02/12,-218,284
4910,08/02/12,-261,315
4245,07/02/12,-281,324
6365,06/02/12,-202,320
5656,05/02/12,-173,326
5278,04/02/12,-202,303
6647,03/02/12,-236,333
4178,02/02/12,-233,310
3776,01/02/12,-274,284
5130,31/01/12,-281,282
4730,30/01/12,-264,283
7316,29/01/12,-241,265
6915,28/01/12,-242,278
7735,27/01/12,-226,275
99,26/01/12,-255,272
124,25/01/12,-285,293
511,24/01/12,-262,298
2844,23/01/12,-261,284
2435,22/01/12,-275,282
3443,21/01/12,-244,268
3107,20/01/12,-251,276
3197,19/01/12,-278,298
1434,18/01/12,-253,296
802,17/01/12,-208,290
1893,16/01/12,-221,298
1596,15/01/12,-246,300
1728,14/01/12,-280,300
1766,13/01/12,-275,282
1500,12/01/12,-311,278
2062,11/01/12,-286,276
1873,10/01/12,-254,258
968,09/01/12,-244,253
786,08/01/12,-248,263
741,07/01/12,-243,280
1288,06/01/12,-232,283
1223,05/01/12,-248,295
3212,04/01/12,-283,288
3012,03/01/12,-250,283
3098,02/01/12,-241,277
3439,01/01/12,-234,256
3465,31/12/11,-251,302
2429,30/12/11,-246,300
2257,29/12/11,-263,306
2410,28/12/11,-244,283
2691,27/12/11,-250,282
58,26/12/11,-247,288
377,25/12/11,-239,284
172,24/12/11,-246,290
395,23/12/11,-232,290
169,22/12/11,-247,293
7723,21/12/11,-224,291
7314,20/12/11,-253,297
7889,19/12/11,-213,311
6879,18/12/11,-256,314
6966,17/12/11,-212,322
8215,16/12/11,-219,310
4686,15/12/11,-237,306
4520,14/12/11,-217,304
4884,13/12/11,-247,300
3972,12/12/11,-235,295
3780,11/12/11,-217,300
4218,10/12/11,-221,308
6222,09/12/11,-196,323
6582,08/12/11,-195,339
6448,07/12/11,-163,328
5292,06/12/11,-114,332
5842,05/12/11,-208,343
5731,04/12/11,-198,350
5277,03/12/11,-173,359
6422,02/12/11,-190,355
6300,01/12/11,-197,353
4230,30/11/11,-176,346
3985,29/11/11,-181,336
5204,28/11/11,-191,328
4733,27/11/11,-197,326
8248,26/11/11,-166,323
7176,25/11/11,-173,325
7104,24/11/11,-165,340
8098,23/11/11,-183,360
8350,22/11/11,-164,360
7000,21/11/11,-137,365
4663,20/11/11,-194,354
3800,19/11/11,-213,346
6200,18/11/11,-189,360
5287,17/11/11,-210,345
5766,16/11/11,-223,345
5257,15/11/11,-178,350
6571,14/11/11,-146,352
4324,13/11/11,-156,360
4226,12/11/11,-153,356
5003,11/11/11,-126,355
4544,10/11/11,-164,363
7161,09/11/11,-185,362
6825,08/11/11,-190,361
6945,07/11/11,-173,370
300,06/11/11,-124,365
182,05/11/11,-149,370
15,04/11/11,-149,358
2679,03/11/11,-132,358
2264,02/11/11,-122,355
2489,01/11/11,-111,356
3455,31/10/11,-124,360
3054,30/10/11,-118,360
1177,29/10/11,-143,379
1273,28/10/11,-133,361
813,27/10/11,-110,369
1882,26/10/11,-95,370
1611,25/10/11,-101,373
1688,24/10/11,-171,370
1524,23/10/11,-178,375
1898,22/10/11,-102,374
1002,21/10/11,-57,369
837,20/10/11,-90,372
3011,19/10/11,-84,379
3448,18/10/11,-95,385
2467,17/10/11,-66,385
2850,16/10/11,-87,383
551,15/10/11,-84,385
22,14/10/11,-105,373
355,13/10/11,-107,380
6876,12/10/11,-65,383
7684,11/10/11,-65,382
5195,10/10/11,-68,377
4086,09/10/11,-42,371
4323,08/10/11,-38,368
5469,07/10/11,-37,360
5328,06/10/11,-62,362
5411,05/10/11,-70,360
4467,04/10/11,-72,364
3831,03/10/11,-43,372
4770,02/10/11,-40,370
7326,01/10/11,-39,362
6862,30/09/11,-40,360
6934,29/09/11,-44,355
7294,28/09/11,-40,355
4753,27/09/11,-18,362
3820,26/09/11,-18,360
4382,25/09/11,-19,364
6185,24/09/11,-11,365
5911,23/09/11,-9,365
5651,22/09/11,-12,358
5274,21/09/11,-12,362
6388,20/09/11,2,355
6123,19/09/11,-9,356
4306,18/09/11,-22,353
4451,17/09/11,4,350
4113,16/09/11,19,355
4861,15/09/11,-1,362
4768,14/09/11,-35,366
7032,13/09/11,-25,377
7373,12/09/11,-4,372
7709,11/09/11,-21,366
7399,10/09/11,-22,355
575,09/09/11,-33,353
141,08/09/11,-32,380
39,07/09/11,-8,363
467,06/09/11,14,370
2620,05/09/11,24,385
2367,04/09/11,21,382
2313,03/09/11,20,367
2463,02/09/11,25,367
3391,01/09/11,33,385
3131,31/08/11,37,385
3047,30/08/11,30,382
1090,29/08/11,-1,388
1323,28/08/11,31,385
787,27/08/11,-18,399
1005,26/08/11,-29,394
1949,25/08/11,-11,390
1629,24/08/11,-13,402
1473,23/08/11,-9,404
1732,22/08/11,0,395
1481,21/08/11,45,398
1880,20/08/11,43,385
973,19/08/11,52,385
825,18/08/11,46,380
1160,17/08/11,34,385
1121,16/08/11,21,388
3092,15/08/11,27,395
3659,14/08/11,52,366
3421,13/08/11,38,431
2241,12/08/11,37,380
2337,11/08/11,25,376
2690,10/08/11,8,376
268,09/08/11,10,390
390,08/08/11,4,406
359,07/08/11,-14,425
6781,06/08/11,-3,427
7808,05/08/11,-4,414
6999,04/08/11,2,405
8131,03/08/11,20,423
4534,02/08/11,38,422
4000,01/08/11,26,413
3872,31/07/11,32,410
6274,30/07/11,18,410
6413,29/07/11,3,410
5248,28/07/11,16,410
5369,27/07/11,31,412
5778,26/07/11,58,401
6591,25/07/11,41,420
4209,24/07/11,20,412
4056,23/07/11,19,420
4700,22/07/11,45,420
6985,21/07/11,30,435
6882,20/07/11,42,445
7823,19/07/11,21,412
6892,18/07/11,33,435
5044,17/07/11,22,425
4445,16/07/11,-6,413
5578,15/07/11,-14,424
5854,14/07/11,9,422
5528,13/07/11,8,429
3785,12/07/11,6,425
4061,11/07/11,39,420
7186,10/07/11,12,420
6983,09/07/11,14,420
702,08/07/11,24,450
148,07/07/11,24,450
131,06/07/11,33,425
2336,05/07/11,52,425
3548,04/07/11,49,402
3596,03/07/11,42,398
1271,02/07/11,10,420
773,01/07/11,36,410
1593,30/06/11,6,415
1723,29/06/11,28,406
1521,28/06/11,19,425
1858,27/06/11,-22,425
781,26/06/11,-2,430
1364,25/06/11,12,440
1162,24/06/11,26,451
3138,23/06/11,-4,445
3402,22/06/11,20,460
2404,21/06/11,33,450
2645,20/06/11,16,445
256,19/06/11,20,425
19,18/06/11,10,435
7165,17/06/11,-14,445
6931,16/06/11,8,445
7110,15/06/11,5,450
4699,14/06/11,-15,460
5033,13/06/11,-4,420
4018,12/06/11,1,440
5994,11/06/11,-17,455
5521,10/06/11,-1,450
5341,09/06/11,-28,432
5821,08/06/11,-18,487
6197,07/06/11,-25,510
3871,06/06/11,-26,485
4525,05/06/11,-11,490
6873,04/06/11,-27,455
8000,03/06/11,-31,436
6789,02/06/11,-11,419
7148,01/06/11,-9,455
6783,31/05/11,-7,490
4531,30/05/11,-35,480
4654,29/05/11,3,470
3805,28/05/11,14,445
6040,27/05/11,-24,455
6537,26/05/11,-46,450
5391,25/05/11,-42,455
5670,24/05/11,-42,440
5412,23/05/11,-36,435
5518,22/05/11,-46,460
6466,21/05/11,-34,454
6024,20/05/11,-25,475
4333,19/05/11,-36,480
3875,18/05/11,-46,470
4011,17/05/11,-45,469
4899,16/05/11,-88,455
4748,15/05/11,-49,460
8226,14/05/11,-31,455
7667,13/05/11,-36,455
7590,12/05/11,-44,465
7281,11/05/11,-57,470
6955,10/05/11,-74,470
252,09/05/11,-46,470
309,08/05/11,-43,440
164,07/05/11,-42,440
9,06/05/11,-70,419
2616,05/05/11,-82,450
2807,04/05/11,-94,445
2852,03/05/11,-73,454
2431,02/05/11,-78,450
3422,01/05/11,-45,426
3673,30/04/11,-59,420
3097,29/04/11,-67,422
3069,28/04/11,-73,437
3196,27/04/11,-72,446
1095,26/04/11,-88,452
737,25/04/11,-99,455
729,24/04/11,-81,450
2022,23/04/11,-77,450
2200,22/04/11,-72,440
1621,21/04/11,-98,425
1809,20/04/11,-89,414
1741,19/04/11,-41,400
1517,18/04/11,-106,423
2078,17/04/11,-115,424
1941,16/04/11,-103,409
930,15/04/11,-117,415
869,14/04/11,-89,410
1284,13/04/11,-87,395
1096,12/04/11,-146,409
3229,11/04/11,-140,409
3021,10/04/11,-150,403
3696,09/04/11,-172,425
3495,08/04/11,-143,402
2524,07/04/11,-156,402
2427,06/04/11,-114,394
2698,05/04/11,-138,410
499,04/04/11,-126,382
137,03/04/11,-132,407
11,02/04/11,-111,393
128,01/04/11,-130,390
7935,31/03/11,-153,398
7462,30/03/11,-146,399
8106,29/03/11,-129,397
6910,28/03/11,-184,422
7062,27/03/11,-215,430
4728,26/03/11,-177,420
4601,25/03/11,-174,415
4003,24/03/11,-174,400
3774,23/03/11,-159,398
4437,22/03/11,-210,399
6267,21/03/11,-157,400
6667,20/03/11,-153,403
5505,19/03/11,-135,405
5894,18/03/11,-157,411
5654,17/03/11,-123,420
5443,16/03/11,-204,420
6124,15/03/11,-238,415
4408,14/03/11,-221,405
3873,13/03/11,-176,396
5065,12/03/11,-201,370
7909,11/03/11,-226,365
7453,10/03/11,-164,368
7741,09/03/11,-191,377
7821,08/03/11,-192,380
8095,07/03/11,-158,381
7743,06/03/11,-196,370
3900,05/03/11,-177,366
6226,04/03/11,-159,370
5284,03/03/11,-244,356
5378,02/03/11,-176,359
6528,01/03/11,-211,350
4321,28/02/11,-231,352
3778,27/02/11,-159,327
4650,26/02/11,-173,328
7697,25/02/11,-195,330
6787,24/02/11,-202,326
6959,23/02/11,-248,320
295,22/02/11,-241,325
219,21/02/11,-210,298
2617,20/02/11,-250,306
2365,19/02/11,-224,297
2469,18/02/11,-224,314
3590,17/02/11,-155,304
3308,16/02/11,-132,340
1227,15/02/11,-149,360
762,14/02/11,-162,350
1890,13/02/11,-226,352
1647,12/02/11,-228,340
1670,11/02/11,-212,347
2099,10/02/11,-248,337
836,09/02/11,-214,335
1122,08/02/11,-162,344
3299,07/02/11,-184,342
2438,06/02/11,-187,334
2279,05/02/11,-190,326
25,04/02/11,-211,337
396,03/02/11,-230,352
6768,02/02/11,-239,337
6821,01/02/11,-251,310
4583,31/01/11,-248,306
3836,30/01/11,-263,320
6037,29/01/11,-263,310
5301,28/01/11,-308,306
5677,27/01/11,-264,305
6237,26/01/11,-253,315
4530,25/01/11,-256,320
7181,24/01/11,-270,308
6869,23/01/11,-269,309
7335,22/01/11,-241,309
7444,21/01/11,-258,322
4897,20/01/11,-286,312
3965,19/01/11,-263,295
6101,18/01/11,-259,295
5901,17/01/11,-274,303
5647,16/01/11,-265,285
5250,15/01/11,-265,313
6417,14/01/11,-260,304
6194,13/01/11,-272,296
3893,12/01/11,-239,300
4094,11/01/11,-281,297
4845,10/01/11,-275,290
4684,09/01/11,-286,281
7180,08/01/11,-252,289
7177,07/01/11,-252,292
7045,06/01/11,-267,279
162,05/01/11,-253,285
152,04/01/11,-284,282
8,03/01/11,-308,275
2836,02/01/11,-282,269
2317,01/01/11,-236,275
2470,31/12/10,-227,290
3452,30/12/10,-252,293
3073,29/12/10,-243,288
1201,28/12/10,-244,294
1295,27/12/10,-251,287
752,26/12/10,-308,280
910,25/12/10,-302,284
1888,24/12/10,-221,288
1556,23/12/10,-222,313
1746,22/12/10,-240,318
1783,21/12/10,-227,310
2103,20/12/10,-239,292
1966,19/12/10,-226,297
929,18/12/10,-215,300
736,17/12/10,-242,295
1161,16/12/10,-289,295
3192,15/12/10,-237,295
3064,14/12/10,-220,290
3618,13/12/10,-229,294
3424,12/12/10,-232,286
2325,11/12/10,-210,281
2355,10/12/10,-232,295
2665,09/12/10,-237,294
158,08/12/10,-243,294
285,07/12/10,-237,286
207,06/12/10,-213,305
8023,05/12/10,-234,305
6953,04/12/10,-238,295
6858,03/12/10,-207,310
6827,02/12/10,-239,310
7953,01/12/10,-231,306
4587,30/11/10,-237,316
4944,29/11/10,-199,326
3863,28/11/10,-196,326
4211,27/11/10,-195,332
6042,26/11/10,-184,328
6409,25/11/10,-185,331
5299,24/11/10,-174,322
5844,23/11/10,-153,310
5814,22/11/10,-158,312
6447,21/11/10,-207,335
6232,20/11/10,-180,330
3809,19/11/10,-201,338
4541,18/11/10,-183,330
7806,17/11/10,-171,343
7279,16/11/10,-170,337
7464,15/11/10,-165,336
6899,14/11/10,-154,350
7076,13/11/10,-174,350
3833,12/11/10,-166,340
6420,11/11/10,-183,350
5451,10/11/10,-151,338
5348,09/11/10,-158,355
6001,08/11/10,-127,345
3891,07/11/10,-136,360
4123,06/11/10,-152,367
4709,05/11/10,-126,366
6978,04/11/10,-150,362
6815,03/11/10,-140,347
204,02/11/10,-131,354
529,01/11/10,-127,351
2673,31/10/10,-91,356
2305,30/10/10,-129,356
3699,29/10/10,-115,352
3281,28/10/10,-124,368
1150,27/10/10,-127,370
784,26/10/10,-147,365
2076,25/10/10,-135,366
1498,24/10/10,-111,361
1700,23/10/10,-40,384
2066,22/10/10,-83,388
933,21/10/10,-60,405
851,20/10/10,-104,410
1115,19/10/10,-101,407
3056,18/10/10,-89,410
3682,17/10/10,-81,400
2455,16/10/10,-75,405
2245,15/10/10,-95,380
2647,14/10/10,-72,415
254,13/10/10,-82,385
231,12/10/10,-84,372
370,11/10/10,-68,390
7009,10/10/10,-84,390
7259,09/10/10,-54,415
7855,08/10/10,-65,420
4625,07/10/10,-78,415
4121,06/10/10,-100,420
4248,05/10/10,-68,435
6083,04/10/10,-36,435
5445,03/10/10,-40,415
5332,02/10/10,-56,420
5276,01/10/10,-44,405
6097,30/09/10,-44,400
3793,29/09/10,-37,400
4596,28/09/10,-44,385
6855,27/09/10,-31,380
7238,26/09/10,-35,385
7911,25/09/10,-2,385
7321,24/09/10,5,375
7069,23/09/10,24,385
7118,22/09/10,1,415
4575,21/09/10,21,400
4876,20/09/10,27,372
3918,19/09/10,16,370
4235,18/09/10,30,375
6121,17/09/10,16,385
5305,16/09/10,33,380
5674,15/09/10,13,385
5792,14/09/10,35,365
5252,13/09/10,14,390
5485,12/09/10,-19,370
6596,11/09/10,-18,366
5997,10/09/10,-19,375
4155,09/09/10,-1,410
3914,08/09/10,-31,390
3860,07/09/10,-60,390
4945,06/09/10,-26,385
4578,05/09/10,7,380
4755,04/09/10,8,392
6977,03/09/10,-33,412
7309,02/09/10,-39,398
7873,01/09/10,-9,400
6831,31/08/10,21,410
6942,30/08/10,20,410
78,29/08/10,41,410
302,28/08/10,31,410
216,27/08/10,25,405
189,26/08/10,21,380
385,25/08/10,31,375
2798,24/08/10,10,385
2358,23/08/10,18,393
2268,22/08/10,22,395
2481,21/08/10,26,373
3393,20/08/10,18,385
3582,19/08/10,33,380
3014,18/08/10,39,382
3023,17/08/10,29,379
1252,16/08/10,40,375
1225,15/08/10,11,371
1342,14/08/10,23,366
722,13/08/10,67,380
935,12/08/10,57,390
2015,11/08/10,62,402
2213,10/08/10,60,402
1630,09/08/10,41,399
1560,08/08/10,36,387
1683,07/08/10,43,388
1474,06/08/10,36,399
780,05/08/10,28,390
1341,04/08/10,53,382
3127,03/08/10,58,380
2239,02/08/10,49,385
2642,01/08/10,40,395
103,31/07/10,48,390
57,30/07/10,41,398
8041,29/07/10,42,407
6970,28/07/10,52,399
4557,27/07/10,40,402
4344,26/07/10,39,417
5488,25/07/10,51,402
5428,24/07/10,48,378
6072,23/07/10,49,412
4458,22/07/10,43,400
7070,21/07/10,38,415
6901,20/07/10,26,405
4867,19/07/10,7,445
5714,18/07/10,6,448
5468,17/07/10,34,435
3819,16/07/10,55,431
8163,15/07/10,46,417
275,14/07/10,32,395
98,13/07/10,50,390
2395,12/07/10,29,445
1222,11/07/10,5,417
1648,10/07/10,41,430
1780,09/07/10,14,422
1992,08/07/10,52,431
2387,07/07/10,46,387
388,06/07/10,49,405
6911,05/07/10,55,428
4053,04/07/10,43,450
5355,03/07/10,46,429
3880,02/07/10,21,426
6932,01/07/10,28,427
7008,30/06/10,27,434
4220,29/06/10,33,445
5644,28/06/10,43,446
5325,27/06/10,31,448
3867,26/06/10,27,430
4694,25/06/10,9,425
7312,24/06/10,12,439
24,23/06/10,23,455
155,22/06/10,17,478
2338,21/06/10,-3,487
3147,20/06/10,0,480
1102,19/06/10,3,463
950,18/06/10,21,444
1494,17/06/10,13,430
769,16/06/10,3,430
1159,15/06/10,7,447
2450,14/06/10,-6,447
2778,13/06/10,8,460
21,12/06/10,-15,452
7297,11/06/10,-27,444
4743,10/06/10,-19,431
3961,09/06/10,14,431
5586,08/06/10,-43,454
5724,07/06/10,-45,435
4923,06/06/10,-40,455
7217,05/06/10,-11,446
3977,04/06/10,-52,440
5386,03/06/10,-43,455
4448,02/06/10,-63,461
582,01/06/10,-18,453
634,31/05/10,-31,464
776,30/05/10,-39,475
1514,29/05/10,-28,470
864,28/05/10,-51,485
3184,27/05/10,-68,500
2684,26/05/10,-59,522
630,25/05/10,-31,515
7790,24/05/10,-21,510
4157,23/05/10,-29,502
6020,22/05/10,-70,489
4089,21/05/10,-41,495
6917,20/05/10,-43,480
6964,19/05/10,-32,485
4661,18/05/10,-65,463
4470,17/05/10,-38,470
5756,16/05/10,-60,485
6023,15/05/10,-48,478
4135,14/05/10,-58,480
4759,13/05/10,-50,480
7059,12/05/10,-40,485
536,11/05/10,-26,460
445,10/05/10,-69,455
2612,09/05/10,-39,434
2407,08/05/10,-18,440
3328,07/05/10,-18,434
1180,06/05/10,-54,450
744,05/05/10,-56,457
1640,04/05/10,-59,474
1525,03/05/10,-32,456
1073,02/05/10,-47,460
1094,01/05/10,-57,440
3130,30/04/10,-83,440
2466,29/04/10,-64,445
2413,28/04/10,-116,441
201,27/04/10,-110,435
301,26/04/10,-127,439
7123,25/04/10,-107,442
6992,24/04/10,-65,425
4150,23/04/10,-64,450
3869,22/04/10,-120,430
6372,21/04/10,-138,436
5550,20/04/10,-49,435
6059,19/04/10,-30,441
4517,18/04/10,-97,440
6967,17/04/10,-60,475
7139,16/04/10,-101,450
4203,15/04/10,-128,457
5298,14/04/10,-116,451
4331,13/04/10,-108,449
4678,12/04/10,-108,448
107,11/04/10,-110,455
62,10/04/10,-98,440
3657,09/04/10,-88,470
1393,08/04/10,-102,432
1543,07/04/10,-149,445
1787,06/04/10,-117,431
1228,05/04/10,-90,426
2400,04/04/10,-137,427
366,03/04/10,-122,429
4128,02/04/10,-184,425
5394,01/04/10,-177,430
6298,31/03/10,-99,424
7077,30/03/10,-144,435
5054,29/03/10,-82,430
6362,28/03/10,-106,430
5357,27/03/10,-166,424
4260,26/03/10,-120,421
4035,25/03/10,-130,427
7221,24/03/10,-134,424
6830,23/03/10,-60,422
626,22/03/10,-71,445
2569,21/03/10,-100,430
3173,20/03/10,-142,445
887,19/03/10,-158,440
2072,18/03/10,-179,440
1559,17/03/10,-186,426
956,16/03/10,-196,420
1108,15/03/10,-194,406
3006,14/03/10,-177,410
2273,13/03/10,-151,410
533,12/03/10,-176,400
336,11/03/10,-167,395
8182,10/03/10,-185,380
6981,09/03/10,-257,369
4931,08/03/10,-188,374
6245,07/03/10,-195,381
5255,06/03/10,-213,377
5466,05/03/10,-134,384
4148,04/03/10,-206,383
7290,03/03/10,-173,382
6774,02/03/10,-127,380
4309,01/03/10,-150,370
5474,28/02/10,-161,377
4049,27/02/10,-210,375
6755,26/02/10,-184,355
151,25/02/10,-171,341
2570,24/02/10,-164,350
1112,23/02/10,-161,348
1570,22/02/10,-203,351
1905,21/02/10,-211,360
1156,20/02/10,-210,358
3453,19/02/10,-263,333
2381,18/02/10,-242,322
288,17/02/10,-240,308
7554,16/02/10,-209,310
4518,15/02/10,-239,340
4430,14/02/10,-229,336
5426,13/02/10,-255,335
4290,12/02/10,-259,326
6765,11/02/10,-220,332
7617,10/02/10,-174,310
7189,09/02/10,-155,329
3803,08/02/10,-148,328
6538,07/02/10,-159,348
5715,06/02/10,-218,352
6430,05/02/10,-250,336
4239,04/02/10,-248,331
4025,03/02/10,-225,325
4740,02/02/10,-212,317
8219,01/02/10,-199,315
7497,31/01/10,-217,314
358,30/01/10,-205,322
546,29/01/10,-222,320
2323,28/01/10,-196,314
3550,27/01/10,-248,320
3231,26/01/10,-242,315
1285,25/01/10,-268,306
999,24/01/10,-213,305
2202,23/01/10,-226,320
1690,22/01/10,-253,321
1951,21/01/10,-239,324
1233,20/01/10,-248,326
3429,19/01/10,-231,304
2697,18/01/10,-253,300
381,17/01/10,-272,295
6905,16/01/10,-293,305
4787,15/01/10,-287,266
5042,14/01/10,-228,276
5534,13/01/10,-252,273
5802,12/01/10,-270,306
4175,11/01/10,-256,304
7523,10/01/10,-252,288
4630,09/01/10,-274,295
5693,08/01/10,-295,307
4075,07/01/10,-307,310
7438,06/01/10,-319,306
584,05/01/10,-280,285
2300,04/01/10,-226,289
775,03/01/10,-223,282
1676,02/01/10,-235,306
3071,01/01/10,-248,299
90,31/12/09,-219,288
6762,30/12/09,-233,295
4399,29/12/09,-246,284
5696,28/12/09,-264,288
7197,27/12/09,-293,284
4367,26/12/09,-214,286
5634,25/12/09,-267,305
4169,24/12/09,-256,317
4502,23/12/09,-251,307
7096,22/12/09,-221,318
561,21/12/09,-239,315
2492,20/12/09,-277,320
1261,19/12/09,-272,310
1909,18/12/09,-237,290
1651,17/12/09,-263,307
1363,16/12/09,-233,308
2495,15/12/09,-245,310
473,14/12/09,-189,323
6991,13/12/09,-186,322
4036,12/12/09,-177,337
5273,11/12/09,-171,324
4483,10/12/09,-143,319
7173,09/12/09,-206,329
6009,08/12/09,-216,310
3861,07/12/09,-218,306
170,06/12/09,-198,306
1172,05/12/09,-206,310
1502,04/12/09,-202,318
1239,03/12/09,-199,324
2814,02/12/09,-202,316
342,01/12/09,-147,329
3969,30/11/09,-170,327
5665,29/11/09,-167,333
4886,28/11/09,-171,343
6828,27/11/09,-188,331
4444,26/11/09,-195,325
5408,25/11/09,-206,324
6292,24/11/09,-173,329
3909,23/11/09,-181,322
7086,22/11/09,-214,322
509,21/11/09,-222,321
311,20/11/09,-218,325
2564,19/11/09,-214,324
1431,18/11/09,-238,321
1056,17/11/09,-233,325
1493,16/11/09,-184,332
992,15/11/09,-205,338
3042,14/11/09,-154,345
2321,13/11/09,-188,345
534,12/11/09,-233,328
7323,11/11/09,-161,327
5102,10/11/09,-145,354
6078,09/11/09,-133,365
5318,08/11/09,-135,370
5164,07/11/09,-139,365
8100,06/11/09,-122,365
4275,05/11/09,-140,370
5484,04/11/09,-136,375
6941,03/11/09,-119,379
104,02/11/09,-128,375
1256,01/11/09,-136,400
829,31/10/09,-131,395
1155,30/10/09,-135,395
517,29/10/09,-116,390
4029,28/10/09,-111,380
5751,27/10/09,-109,379
7358,26/10/09,-125,371
4241,25/10/09,-110,380
5940,24/10/09,-135,385
4956,23/10/09,-130,376
6844,22/10/09,-116,380
538,21/10/09,-130,371
3176,20/10/09,-111,376
1981,19/10/09,-92,385
1465,18/10/09,-87,370
1324,17/10/09,-74,390
3435,16/10/09,-88,390
2725,15/10/09,-100,385
692,14/10/09,-112,384
4714,13/10/09,-98,385
3911,12/10/09,-93,381
5347,11/10/09,-92,385
4334,10/10/09,-81,383
8174,09/10/09,-44,385
5750,08/10/09,-21,394
4914,07/10/09,-34,396
117,06/10/09,-4,396
2554,05/10/09,-17,400
2082,04/10/09,-55,420
940,03/10/09,-58,430
1356,02/10/09,-33,440
12,01/10/09,-33,420
7178,30/09/09,-35,413
3991,29/09/09,-32,401
5719,28/09/09,-58,390
4450,27/09/09,-60,402
7938,26/09/09,-52,403
4702,25/09/09,-48,405
5828,24/09/09,-22,415
5269,23/09/09,-24,425
5021,22/09/09,-34,430
7540,21/09/09,-39,430
8001,20/09/09,-21,421
2674,19/09/09,-22,425
3390,18/09/09,-25,410
1226,17/09/09,-22,400
870,16/09/09,-9,380
1709,15/09/09,-22,410
1475,14/09/09,-10,405
2224,13/09/09,4,400
948,12/09/09,34,410
748,11/09/09,29,415
814,10/09/09,20,410
1265,09/09/09,21,410
2998,08/09/09,21,402
3447,07/09/09,-17,402
2474,06/09/09,-3,398
2277,05/09/09,29,413
2918,04/09/09,30,385
706,03/09/09,28,410
353,02/09/09,32,390
64,01/09/09,29,374
675,31/08/09,3,364
7902,30/08/09,-22,400
7502,29/08/09,-24,415
8061,28/08/09,6,405
4577,27/08/09,23,396
3978,26/08/09,22,405
4125,25/08/09,22,405
4268,24/08/09,38,402
6017,23/08/09,35,402
5414,22/08/09,29,410
5745,21/08/09,27,415
5372,20/08/09,29,405
6316,19/08/09,10,410
4087,18/08/09,1,405
3975,17/08/09,27,395
6757,16/08/09,14,400
6754,15/08/09,32,410
7117,14/08/09,9,417
7443,13/08/09,13,421
4501,12/08/09,38,431
3864,11/08/09,0,429
5268,10/08/09,36,422
5272,09/08/09,36,413
6118,08/08/09,43,411
3777,07/08/09,41,411
4785,06/08/09,46,412
7282,05/08/09,7,411
7242,04/08/09,22,410
100,03/08/09,13,414
215,02/08/09,55,407
2551,01/08/09,38,421
2590,31/07/09,41,410
3190,30/07/09,29,405
1107,29/07/09,22,393
1976,28/07/09,9,425
1497,27/07/09,-9,415
1711,26/07/09,17,413
1588,25/07/09,46,395
1006,24/07/09,54,405
2990,23/07/09,59,409
2409,22/07/09,56,417
165,21/07/09,47,415
541,20/07/09,59,415
6960,19/07/09,51,414
4721,18/07/09,25,416
3986,17/07/09,42,425
6489,16/07/09,45,430
5441,15/07/09,54,415
6116,14/07/09,56,405
4139,13/07/09,31,426
6868,12/07/09,19,424
7764,11/07/09,30,416
8327,10/07/09,60,442
4920,09/07/09,48,454
4262,08/07/09,37,472
5811,07/07/09,24,465
5366,06/07/09,26,460
5526,05/07/09,40,440
6065,04/07/09,40,424
4099,03/07/09,21,405
4866,02/07/09,45,410
4762,01/07/09,50,413
6854,30/06/09,41,456
7061,29/06/09,35,460
6801,28/06/09,26,465
50,27/06/09,32,460
404,26/06/09,22,452
2668,25/06/09,22,458
2542,24/06/09,15,458
3532,23/06/09,16,458
3164,22/06/09,6,460
1290,21/06/09,5,460
995,20/06/09,26,452
976,19/06/09,9,442
1522,18/06/09,15,430
1759,17/06/09,7,428
1491,16/06/09,21,420
1009,15/06/09,5,440
1135,14/06/09,3,438
3205,13/06/09,-30,440
3460,12/06/09,-16,470
2243,11/06/09,-23,460
2646,10/06/09,1,480
251,09/06/09,2,450
316,08/06/09,7,460
6954,07/06/09,12,450
7276,06/06/09,-3,442
4821,05/06/09,-15,450
4004,04/06/09,-7,460
4335,03/06/09,-25,450
6366,02/06/09,-45,450
5403,01/06/09,-44,424
5515,31/05/09,-37,435
4409,30/05/09,-39,485
4641,29/05/09,-30,490
4697,28/05/09,-38,461
7269,27/05/09,-16,470
4735,26/05/09,5,465
5999,25/05/09,-2,480
5825,24/05/09,-27,465
6317,23/05/09,-16,457
4941,22/05/09,-51,470
7797,21/05/09,-19,461
679,20/05/09,-36,480
460,19/05/09,-72,485
2368,18/05/09,-60,477
3124,17/05/09,-52,472
835,16/05/09,-56,479
1604,15/05/09,-92,480
1534,14/05/09,-85,485
2008,13/05/09,-78,490
1051,12/05/09,-55,470
1214,11/05/09,-67,444
3512,10/05/09,-47,460
2401,09/05/09,-68,470
32,08/05/09,-59,460
7730,07/05/09,-65,450
7467,06/05/09,-65,441
6935,05/05/09,-50,427
3850,04/05/09,-9,432
6007,03/05/09,-82,475
5420,02/05/09,-90,460
5671,01/05/09,-93,465
3828,30/04/09,-56,443
4799,29/04/09,-38,460
7478,28/04/09,-87,455
7691,27/04/09,-78,475
8178,26/04/09,-94,445
4906,25/04/09,-86,430
4083,24/04/09,-104,423
6055,23/04/09,-62,430
5875,22/04/09,-66,440
5418,21/04/09,-62,450
6391,20/04/09,-81,445
6255,19/04/09,-94,445
4160,18/04/09,-93,430
3796,17/04/09,-82,427
4658,16/04/09,-59,429
7023,15/04/09,-91,425
7547,14/04/09,-86,425
6848,13/04/09,-160,422
7144,12/04/09,-138,434
84,11/04/09,-110,415
450,10/04/09,-119,394
2683,09/04/09,-116,373
2312,08/04/09,-116,408
2441,07/04/09,-72,416
3101,06/04/09,-145,420
3081,05/04/09,-109,421
1258,04/04/09,-92,420
1305,03/04/09,-91,415
914,02/04/09,-120,414
2089,01/04/09,-143,420
1800,31/03/09,-147,410
1684,30/03/09,-166,396
1584,29/03/09,-148,399
1906,28/03/09,-159,386
798,27/03/09,-131,372
1289,26/03/09,-146,375
1114,25/03/09,-132,380
3031,24/03/09,-155,384
3707,23/03/09,-150,387
2433,22/03/09,-133,378
2283,21/03/09,-149,384
2818,20/03/09,-178,386
465,19/03/09,-133,382
236,18/03/09,-162,385
468,17/03/09,-172,373
6939,16/03/09,-150,373
7052,15/03/09,-170,394
8151,14/03/09,-134,387
4718,13/03/09,-221,384
4875,12/03/09,-217,391
3868,11/03/09,-184,397
4271,10/03/09,-115,380
6429,09/03/09,-138,360
5568,08/03/09,-164,385
5640,07/03/09,-167,386
5849,06/03/09,-136,365
6073,05/03/09,-173,400
3925,04/03/09,-143,388
4619,03/03/09,-201,387
6758,02/03/09,-211,393
7126,01/03/09,-231,410
7431,28/02/09,-193,384
6796,27/02/09,-191,380
3844,26/02/09,-233,374
6533,25/02/09,-163,372
5829,24/02/09,-176,373
6498,23/02/09,-223,366
4046,22/02/09,-193,372
4648,21/02/09,-147,374
6924,20/02/09,-200,349
7130,19/02/09,-185,346
466,18/02/09,-162,337
109,17/02/09,-189,339
2339,16/02/09,-193,344
3409,15/02/09,-182,336
3000,14/02/09,-187,337
1279,13/02/09,-144,320
1955,12/02/09,-190,322
1472,11/02/09,-208,332
1505,10/02/09,-236,344
1082,09/02/09,-214,336
3038,08/02/09,-246,331
3459,07/02/09,-233,338
2937,06/02/09,-244,330
278,05/02/09,-264,331
7183,04/02/09,-202,326
4805,03/02/09,-224,325
3856,02/02/09,-211,325
6100,01/02/09,-207,320
5775,31/01/09,-224,329
4210,30/01/09,-210,326
8052,29/01/09,-263,326
6916,28/01/09,-193,306
6867,27/01/09,-227,350
4546,26/01/09,-250,348
3952,25/01/09,-229,344
6355,24/01/09,-272,335
5641,23/01/09,-256,333
5504,22/01/09,-205,334
6075,21/01/09,-230,304
4254,20/01/09,-192,315
4922,19/01/09,-180,313
4838,18/01/09,-195,313
6933,17/01/09,-223,305
7361,16/01/09,-188,322
228,15/01/09,-243,310
202,14/01/09,-265,332
2618,13/01/09,-245,312
2267,12/01/09,-267,300
3487,11/01/09,-261,293
3105,10/01/09,-273,293
1182,09/01/09,-259,290
1281,08/01/09,-262,290
916,07/01/09,-252,284
1575,06/01/09,-245,280
1485,05/01/09,-224,290
1546,04/01/09,-213,292
2100,03/01/09,-214,305
1000,02/01/09,-274,294
1379,01/01/09,-252,292
1217,31/12/08,-252,296
2996,30/12/08,-256,297
3406,29/12/08,-259,291
2558,28/12/08,-242,297
2680,27/12/08,-238,300
476,26/12/08,-224,305
174,25/12/08,-208,322
274,24/12/08,-210,328
6823,23/12/08,-217,310
6883,22/12/08,-256,303
7840,21/12/08,-266,312
4562,20/12/08,-171,306
3797,19/12/08,-210,313
4282,18/12/08,-187,330
6573,17/12/08,-238,330
5337,16/12/08,-225,334
5722,15/12/08,-233,329
6390,14/12/08,-240,326
3884,13/12/08,-211,318
4100,12/12/08,-205,318
6884,11/12/08,-230,322
7185,10/12/08,-166,329
7974,09/12/08,-172,341
4673,08/12/08,-259,344
6081,07/12/08,-179,343
5718,06/12/08,-210,346
6450,05/12/08,-225,364
3772,04/12/08,-243,356
4499,03/12/08,-181,347
7199,02/12/08,-168,340
7932,01/12/08,-182,305
173,30/11/08,-195,308
2388,29/11/08,-195,340
2553,28/11/08,-190,336
3347,27/11/08,-210,341
1083,26/11/08,-231,341
2157,25/11/08,-179,338
1713,24/11/08,-188,330
1643,23/11/08,-200,338
747,22/11/08,-193,325
1358,21/11/08,-162,331
3048,20/11/08,-193,325
3398,19/11/08,-180,330
2240,18/11/08,-181,330
609,17/11/08,-178,320
402,16/11/08,-186,332
197,15/11/08,-174,323
7472,14/11/08,-164,333
7079,13/11/08,-142,348
4915,12/11/08,-167,360
4280,11/11/08,-177,373
6477,10/11/08,-168,375
5650,09/11/08,-164,372
6553,08/11/08,-146,385
3834,07/11/08,-192,372
4769,06/11/08,-205,365
7120,05/11/08,-198,374
7389,04/11/08,-112,375
7563,03/11/08,-183,380
7936,02/11/08,-196,373
5004,01/11/08,-164,385
3910,31/10/08,-150,363
4284,30/10/08,-155,357
5602,29/10/08,-150,365
5707,28/10/08,-135,385
5288,27/10/08,-125,395
6364,26/10/08,-127,388
6120,25/10/08,-134,391
4326,24/10/08,-120,400
3859,23/10/08,-127,400
5006,22/10/08,-150,402
7906,21/10/08,-105,402
6738,20/10/08,-106,410
7028,19/10/08,-105,405
7244,18/10/08,-99,395
7733,17/10/08,-89,386
44,16/10/08,-113,384
133,15/10/08,-97,396
2706,14/10/08,-86,400
2958,13/10/08,-78,425
2252,12/10/08,-86,420
3510,11/10/08,-82,410
3684,10/10/08,-92,391
2991,09/10/08,-78,387
3251,08/10/08,-110,390
1422,07/10/08,-56,395
735,06/10/08,-40,410
1059,05/10/08,-60,425
1934,04/10/08,-51,435
1510,03/10/08,-59,415
1555,02/10/08,-59,397
1519,01/10/08,-60,395
1622,30/09/08,-53,390
1867,29/09/08,-57,400
937,28/09/08,-61,410
896,27/09/08,-64,405
1366,26/09/08,-60,410
1165,25/09/08,21,395
3077,24/09/08,-9,369
3091,23/09/08,14,380
3425,22/09/08,22,382
2448,21/09/08,13,407
2281,20/09/08,18,420
2911,19/09/08,3,405
2741,18/09/08,-30,405
72,17/09/08,-26,397
94,16/09/08,-5,415
619,15/09/08,0,420
6804,14/09/08,-7,420
7622,13/09/08,-30,422
7350,12/09/08,-8,421
7024,11/09/08,-14,420
4727,10/09/08,-13,414
5061,09/09/08,-15,402
4017,08/09/08,-4,380
3787,07/09/08,-2,361
4159,06/09/08,-42,404
6096,05/09/08,-25,406
6352,04/09/08,-38,415
5253,03/09/08,-50,405
5748,02/09/08,-26,402
5701,01/09/08,4,394
6091,31/08/08,-31,385
4424,30/08/08,-48,390
3895,29/08/08,-23,395
5043,28/08/08,12,400
4751,27/08/08,22,413
7469,26/08/08,20,424
7095,25/08/08,28,408
6838,24/08/08,34,395
6908,23/08/08,37,385
4090,22/08/08,8,390
4353,21/08/08,3,390
5680,20/08/08,47,405
5324,19/08/08,49,376
5471,18/08/08,7,383
4292,17/08/08,33,395
4115,16/08/08,13,395
4561,15/08/08,-2,392
7376,14/08/08,24,400
7395,13/08/08,13,386
298,12/08/08,-16,405
66,11/08/08,11,405
2666,10/08/08,-14,400
2326,09/08/08,-27,410
3486,08/08/08,-38,420
3095,07/08/08,25,375
1175,06/08/08,15,380
816,05/08/08,-7,397
958,04/08/08,2,424
1576,03/08/08,-10,415
1739,02/08/08,9,400
2220,01/08/08,24,408
924,31/07/08,21,419
1208,30/07/08,39,412
3016,29/07/08,56,403
2251,28/07/08,57,422
2701,27/07/08,55,422
36,26/07/08,47,418
7783,25/07/08,53,420
6897,24/07/08,23,415
4706,23/07/08,38,423
4054,22/07/08,9,405
5539,21/07/08,0,410
5431,20/07/08,41,402
4189,19/07/08,13,410
4463,18/07/08,24,410
7298,17/07/08,-17,415
7237,16/07/08,4,420
7283,15/07/08,7,410
4786,14/07/08,7,385
3865,13/07/08,7,410
4197,12/07/08,31,410
5323,11/07/08,40,430
5645,10/07/08,-7,405
5356,09/07/08,23,415
6621,08/07/08,40,425
4165,07/07/08,-2,440
3841,06/07/08,-22,435
5060,05/07/08,-24,420
4816,04/07/08,-27,420
7499,03/07/08,34,434
6984,02/07/08,42,430
6989,01/07/08,35,421
23,30/06/08,28,420
43,29/06/08,10,408
38,28/06/08,-2,405
2693,27/06/08,-25,430
2425,26/06/08,-16,422
2519,25/06/08,8,422
3614,24/06/08,-16,415
3068,23/06/08,-7,420
1259,22/06/08,-8,430
746,21/06/08,22,425
1050,20/06/08,25,415
2014,19/06/08,23,430
1554,18/06/08,4,433
1698,17/06/08,-22,430
1638,16/06/08,-27,420
1974,15/06/08,-34,430
892,14/06/08,-9,430
1298,13/06/08,2,423
3280,12/06/08,-18,423
3125,11/06/08,-7,417
3506,10/06/08,10,442
2359,09/06/08,-10,435
2667,08/06/08,-28,434
70,07/06/08,-36,430
531,06/06/08,4,435
6852,05/06/08,-1,432
7788,04/06/08,-16,429
7420,03/06/08,-36,429
4500,02/06/08,-18,429
3994,01/06/08,1,445
4171,31/05/08,-18,455
6273,30/05/08,-19,445
5295,29/05/08,-15,465
5266,28/05/08,12,480
5270,27/05/08,4,465
4247,26/05/08,4,445
4131,25/05/08,-21,450
4832,24/05/08,-12,417
7025,23/05/08,-44,470
7248,22/05/08,-43,455
4818,21/05/08,-18,465
3813,20/05/08,-23,450
5663,19/05/08,-24,480
5312,18/05/08,-59,460
3887,17/05/08,-19,485
4644,16/05/08,-31,480
7249,15/05/08,-26,460
7304,14/05/08,-55,470
349,13/05/08,-24,465
2370,12/05/08,-64,460
2456,11/05/08,-94,465
3025,10/05/08,-99,445
789,09/05/08,-95,426
2019,08/05/08,-78,419
1667,07/05/08,-55,422
2198,06/05/08,-35,450
1023,05/05/08,-83,455
1147,04/05/08,-102,475
3079,03/05/08,-67,465
3420,02/05/08,-72,465
2398,01/05/08,-72,452
2754,30/04/08,-113,451
34,29/04/08,-113,447
8272,28/04/08,-65,460
6739,27/04/08,-132,460
7012,26/04/08,-77,450
4569,25/04/08,-112,455
3773,24/04/08,-114,433
6337,23/04/08,-148,435
5500,22/04/08,-146,431
5401,21/04/08,-164,433
4255,20/04/08,-142,432
4627,19/04/08,-115,425
7593,18/04/08,-113,423
7211,17/04/08,-121,434
7418,16/04/08,-66,430
7208,15/04/08,-139,422
4582,14/04/08,-110,420
4070,13/04/08,-85,420
4259,12/04/08,-90,418
6051,11/04/08,-85,420
5399,10/04/08,-136,401
5632,09/04/08,-140,396
5322,08/04/08,-136,395
6104,07/04/08,-131,379
6227,06/04/08,-131,356
3907,05/04/08,-181,360
3962,04/04/08,-167,349
5059,03/04/08,-143,374
7925,02/04/08,-148,405
6840,01/04/08,-175,373
7108,31/03/08,-154,395
7433,30/03/08,-137,400
330,29/03/08,-146,425
31,28/03/08,-159,426
115,27/03/08,-145,425
48,26/03/08,-166,400
2889,25/03/08,-197,405
2287,24/03/08,-163,405
2515,23/03/08,-201,405
3609,22/03/08,-203,400
3066,21/03/08,-190,400
1199,20/03/08,-170,385
1138,19/03/08,-153,390
727,18/03/08,-156,394
926,17/03/08,-191,392
1946,16/03/08,-168,395
1487,15/03/08,-149,378
1705,14/03/08,-187,377
1696,13/03/08,-193,356
2064,12/03/08,-159,379
1903,11/03/08,-204,371
770,10/03/08,-170,375
852,09/03/08,-171,375
1128,08/03/08,-167,370
3178,07/03/08,-217,367
3157,06/03/08,-190,370
3430,05/03/08,-189,373
2258,04/03/08,-166,377
2356,03/03/08,-172,375
2655,02/03/08,-218,362
446,01/03/08,-221,361
375,29/02/08,-191,390
376,28/02/08,-230,369
7369,27/02/08,-224,350
7336,26/02/08,-216,340
6763,25/02/08,-188,338
7946,24/02/08,-202,336
4533,23/02/08,-190,334
4010,22/02/08,-214,332
4228,21/02/08,-258,348
6058,20/02/08,-253,355
6382,19/02/08,-235,351
5563,18/02/08,-226,345
5694,17/02/08,-242,342
5475,16/02/08,-231,335
6161,15/02/08,-236,326
3998,14/02/08,-265,327
4584,13/02/08,-291,285
6850,12/02/08,-283,280
6780,11/02/08,-247,275
7777,10/02/08,-266,270
6972,09/02/08,-270,242
3990,08/02/08,-315,266
4167,07/02/08,-288,280
5776,06/02/08,-290,254
5264,05/02/08,-311,283
6133,04/02/08,-311,282
3812,03/02/08,-325,272
4776,02/02/08,-327,287
7668,01/02/08,-317,274
7524,31/01/08,-322,270
126,30/01/08,-338,293
329,29/01/08,-309,299
2784,28/01/08,-322,269
2278,27/01/08,-292,254
3030,26/01/08,-288,243
1414,25/01/08,-302,271
809,24/01/08,-344,264
1930,23/01/08,-329,294
1765,22/01/08,-333,306
1484,21/01/08,-261,280
918,20/01/08,-260,312
1388,19/01/08,-164,316
3397,18/01/08,-191,317
2847,17/01/08,-234,339
391,16/01/08,-235,345
659,15/01/08,-232,318
6936,14/01/08,-252,305
4591,13/01/08,-275,302
4415,12/01/08,-202,310
5491,11/01/08,-174,314
5635,10/01/08,-157,308
3897,09/01/08,-190,320
7931,08/01/08,-216,319
7251,07/01/08,-194,329
6956,06/01/08,-219,315
4618,05/01/08,-190,300
3801,04/01/08,-270,300
4322,03/01/08,-230,285
5402,02/01/08,-222,275
5331,01/01/08,-243,286
6359,31/12/07,-236,288
6178,30/12/07,-238,295
3855,29/12/07,-235,296
4942,28/12/07,-239,304
7048,27/12/07,-202,300
7328,26/12/07,-219,296
7360,25/12/07,-245,305
111,24/12/07,-241,314
46,23/12/07,-241,324
101,22/12/07,-197,330
2333,21/12/07,-240,320
2442,20/12/07,-188,306
3577,19/12/07,-201,308
3210,18/12/07,-251,274
1371,17/12/07,-245,297
754,16/12/07,-242,278
1995,15/12/07,-246,286
1605,14/12/07,-235,290
1671,13/12/07,-251,300
1483,12/12/07,-210,287
1866,11/12/07,-185,295
1040,10/12/07,-195,309
1299,09/12/07,-212,310
1253,08/12/07,-175,306
3034,07/12/07,-218,300
3477,06/12/07,-241,305
2451,05/12/07,-269,311
2343,04/12/07,-206,299
2652,03/12/07,-209,305
102,02/12/07,-222,313
96,01/12/07,-202,319
7005,30/11/07,-210,315
7498,29/11/07,-228,314
7465,28/11/07,-223,323
4739,27/11/07,-221,340
5186,26/11/07,-215,337
3851,25/11/07,-219,342
4213,24/11/07,-227,345
6371,23/11/07,-236,350
5361,22/11/07,-203,350
5691,21/11/07,-201,350
6495,20/11/07,-211,327
4291,19/11/07,-215,335
4864,18/11/07,-227,340
4813,17/11/07,-211,345
7103,16/11/07,-242,360
7729,15/11/07,-229,360
6752,14/11/07,-214,345
3982,13/11/07,-230,354
5614,12/11/07,-194,356
5413,11/11/07,-199,360
6035,10/11/07,-168,365
3984,09/11/07,-131,367
4572,08/11/07,-152,371
7213,07/11/07,-177,377
6864,06/11/07,-168,390
179,05/11/07,-160,375
2362,04/11/07,-165,375
2487,03/11/07,-148,375
3028,02/11/07,-161,375
1325,01/11/07,-159,369
1913,31/10/07,-152,370
1561,30/10/07,-152,386
1578,29/10/07,-131,382
951,28/10/07,-125,395
725,27/10/07,-129,405
1130,26/10/07,-122,395
3149,25/10/07,-123,390
2522,24/10/07,-123,385
2837,23/10/07,-166,363
362,22/10/07,-119,345
371,21/10/07,-129,370
7537,20/10/07,-103,400
6906,19/10/07,-91,394
6907,18/10/07,-99,394
5009,17/10/07,-63,395
3987,16/10/07,-84,395
6704,15/10/07,-92,380
5871,14/10/07,-91,390
5285,13/10/07,-93,400
6243,12/10/07,-73,375
5083,11/10/07,-86,366
7492,10/10/07,-90,370
7530,09/10/07,-57,363
7562,08/10/07,-38,372
7588,07/10/07,-56,380
4722,06/10/07,-34,385
4633,05/10/07,-24,385
3837,04/10/07,-60,386
6122,03/10/07,-51,386
5551,02/10/07,-49,415
5744,01/10/07,-63,418
5338,30/09/07,9,410
5600,29/09/07,7,405
6090,28/09/07,-25,415
4253,27/09/07,10,410
3808,26/09/07,6,410
4901,25/09/07,5,390
4498,24/09/07,9,370
4559,23/09/07,-4,395
7137,22/09/07,0,430
7004,21/09/07,-40,430
7293,20/09/07,-57,410
8049,19/09/07,-58,395
40,18/09/07,-42,391
113,17/09/07,-67,380
193,16/09/07,-33,380
2672,15/09/07,-19,395
2344,14/09/07,-40,400
2471,13/09/07,-42,400
2496,12/09/07,-4,395
3134,11/09/07,-8,395
3070,10/09/07,11,400
1129,09/09/07,14,390
1357,08/09/07,5,390
819,07/09/07,9,390
979,06/09/07,13,405
1897,05/09/07,21,421
1511,04/09/07,-29,410
1725,03/09/07,-29,410
1581,02/09/07,8,413
763,01/09/07,8,413
3032,31/08/07,-10,410
2302,30/08/07,34,410
324,29/08/07,43,393
225,28/08/07,63,356
7220,27/08/07,56,418
7793,26/08/07,41,395
5170,25/08/07,49,401
5517,24/08/07,49,400
5280,23/08/07,34,377
4114,22/08/07,32,389
4538,21/08/07,23,400
7002,20/08/07,44,385
4172,19/08/07,34,400
4294,18/08/07,46,410
4350,17/08/07,42,398
77,16/08/07,47,415
365,15/08/07,26,380
1136,14/08/07,46,420
1486,13/08/07,2,395
1476,12/08/07,5,410
1331,11/08/07,42,415
2262,10/08/07,66,401
4071,09/08/07,39,405
5379,08/08/07,54,410
4690,07/08/07,33,389
4719,06/08/07,6,420
4143,05/08/07,45,410
5913,04/08/07,42,405
4265,03/08/07,11,392
7102,02/08/07,-8,425
642,01/08/07,-34,415
618,31/07/07,-14,402
2510,30/07/07,26,405
1313,29/07/07,9,415
1568,28/07/07,-6,410
2071,27/07/07,6,425
1092,26/07/07,15,425
2430,25/07/07,-13,413
120,24/07/07,22,400
6,23/07/07,3,395
4792,22/07/07,-10,400
5606,21/07/07,-19,390
4264,20/07/07,-6,400
4574,19/07/07,20,400
7631,18/07/07,39,406
5329,17/07/07,40,406
7331,16/07/07,40,395
63,15/07/07,47,397
1065,14/07/07,-3,404
1675,13/07/07,-15,414
1035,12/07/07,-5,422
56,11/07/07,9,412
631,10/07/07,48,410
4281,09/07/07,51,395
5364,08/07/07,41,400
6000,07/07/07,38,420
6900,06/07/07,26,432
3953,05/07/07,2,415
5712,04/07/07,38,428
6289,03/07/07,36,428
3988,02/07/07,5,425
6998,01/07/07,28,420
6837,30/06/07,36,401
250,29/06/07,-26,389
2538,28/06/07,-16,397
1190,27/06/07,-12,389
740,26/06/07,-32,408
1467,25/06/07,-37,420
1862,24/06/07,-15,435
878,23/06/07,-39,460
3003,22/06/07,-38,465
2274,21/06/07,0,430
291,20/06/07,-23,428
6747,19/06/07,-7,425
4685,18/06/07,-12,430
4144,17/06/07,6,427
5442,16/06/07,6,425
5627,15/06/07,-1,452
4414,14/06/07,-13,459
4548,13/06/07,-31,451
5201,12/06/07,-36,490
6438,11/06/07,-40,460
3913,10/06/07,-8,500
4014,09/06/07,-27,500
138,08/06/07,0,485
2971,07/06/07,-14,448
1292,06/06/07,-12,440
1695,05/06/07,-27,438
3297,04/06/07,-41,455
2953,03/06/07,-45,462
3817,02/06/07,-22,456
4316,01/06/07,-40,461
6993,31/05/07,-36,450
7724,30/05/07,-31,434
5492,29/05/07,-45,419
4177,28/05/07,-40,440
4529,27/05/07,-24,434
7913,26/05/07,-28,443
2614,25/05/07,-29,450
2609,24/05/07,-35,440
856,23/05/07,-11,450
1761,22/05/07,-48,440
1665,21/05/07,-12,440
881,20/05/07,-37,440
3109,19/05/07,-37,460
2454,18/05/07,-54,459
75,17/05/07,-52,445
6995,16/05/07,-25,450
3842,15/05/07,-55,460
5497,14/05/07,-36,470
5743,13/05/07,-17,450
3935,12/05/07,-59,460
7698,11/05/07,-74,453
5216,10/05/07,-46,460
4274,09/05/07,-32,470
4515,08/05/07,-42,446
7,07/05/07,-20,450
3316,06/05/07,-44,470
777,05/05/07,-105,440
1492,04/05/07,-149,439
1246,03/05/07,-106,450
2501,02/05/07,-86,453
361,01/05/07,-101,456
6919,30/04/07,-101,459
4269,29/04/07,-127,453
5695,28/04/07,-102,449
3821,27/04/07,-124,440
7034,26/04/07,-130,440
5135,25/04/07,-74,487
4216,24/04/07,-116,435
5545,23/04/07,-103,440
6282,22/04/07,-81,440
3892,21/04/07,-96,440
4543,20/04/07,-40,417
7089,19/04/07,-108,430
319,18/04/07,-114,442
570,17/04/07,-121,450
2586,16/04/07,-87,446
3317,15/04/07,-107,436
855,14/04/07,-132,430
966,13/04/07,-117,428
1735,12/04/07,-135,420
1628,11/04/07,-129,440
919,10/04/07,-135,432
894,09/04/07,-177,416
1141,08/04/07,-90,408
3128,07/04/07,-134,420
2511,06/04/07,-96,435
2423,05/04/07,-120,424
323,04/04/07,-126,415
420,03/04/07,-114,423
116,02/04/07,-109,408
7100,01/04/07,-112,410
6835,31/03/07,-124,410
4542,30/03/07,-118,416
3791,29/03/07,-126,414
6045,28/03/07,-159,406
5520,27/03/07,-169,402
5949,26/03/07,-178,382
5486,25/03/07,-134,375
4234,24/03/07,-159,372
5194,23/03/07,-144,396
7277,22/03/07,-126,374
7301,21/03/07,-114,375
4736,20/03/07,-116,376
6616,19/03/07,-149,382
5370,18/03/07,-197,388
6335,17/03/07,-220,394
4605,16/03/07,-228,372
7490,15/03/07,-226,342
6791,14/03/07,-135,337
16,13/03/07,-105,332
2379,12/03/07,-218,350
3140,11/03/07,-177,371
1334,10/03/07,-210,340
2024,09/03/07,-200,344
1586,08/03/07,-215,345
921,07/03/07,-216,342
3102,06/03/07,-208,345
2247,05/03/07,-202,344
159,04/03/07,-165,348
7224,03/03/07,-191,331
3802,02/03/07,-194,325
4314,01/03/07,-121,328
5592,28/02/07,-201,310
5072,27/02/07,-260,345
7191,26/02/07,-178,330
6805,25/02/07,-228,335
4073,24/02/07,-241,350
5309,23/02/07,-226,354
5256,22/02/07,-260,358
6182,21/02/07,-230,365
3814,20/02/07,-228,353
4817,19/02/07,-231,333
7235,18/02/07,-277,322
7145,17/02/07,-277,316
52,16/02/07,-199,304
2894,15/02/07,-218,292
2582,14/02/07,-245,291
3096,13/02/07,-234,285
1213,12/02/07,-183,290
996,11/02/07,-205,303
1609,10/02/07,-254,312
1495,09/02/07,-238,323
949,08/02/07,-191,330
1178,07/02/07,-216,327
3123,06/02/07,-214,328
2296,05/02/07,-257,342
263,04/02/07,-181,328
7877,03/02/07,-256,325
7289,02/02/07,-273,325
4594,01/02/07,-251,325
4204,31/01/07,-250,338
5438,30/01/07,-247,334
5389,29/01/07,-221,330
6068,28/01/07,-276,340
4506,27/01/07,-265,330
6895,26/01/07,-277,322
3876,25/01/07,-213,317
5393,24/01/07,-238,322
3912,23/01/07,-263,300
8067,22/01/07,-269,300
18,21/01/07,-233,302
2873,20/01/07,-244,304
1236,19/01/07,-266,305
1896,18/01/07,-281,303
1557,17/01/07,-291,292
731,16/01/07,-278,280
3057,15/01/07,-275,288
2314,14/01/07,-262,283
461,13/01/07,-242,282
6903,12/01/07,-265,290
6894,11/01/07,-226,294
3852,10/01/07,-264,295
5589,09/01/07,-285,287
5812,08/01/07,-272,294
4354,07/01/07,-242,290
6938,06/01/07,-236,280
7113,05/01/07,-247,270
4042,04/01/07,-215,280
6156,03/01/07,-270,277
5788,02/01/07,-258,280
5342,01/01/07,-214,289
6022,31/12/06,-224,286
3902,30/12/06,-234,292
4804,29/12/06,-238,292
7434,28/12/06,-242,286
7608,27/12/06,-253,296
208,26/12/06,-236,292
79,25/12/06,-210,317
2813,24/12/06,-269,314
2446,23/12/06,-230,308
3120,22/12/06,-218,303
1117,21/12/06,-231,309
758,20/12/06,-265,302
1943,19/12/06,-246,312
1769,18/12/06,-218,316
1532,17/12/06,-192,315
1872,16/12/06,-263,315
827,15/12/06,-235,316
3270,14/12/06,-273,315
3476,13/12/06,-284,290
2364,12/12/06,-239,293
2763,11/12/06,-275,311
289,10/12/06,-229,303
294,09/12/06,-188,317
7031,08/12/06,-215,316
7775,07/12/06,-188,322
4028,06/12/06,-155,319
4449,05/12/06,-194,324
5476,04/12/06,-186,330
5362,03/12/06,-210,323
4250,02/12/06,-253,308
4632,01/12/06,-249,310
7325,30/11/06,-212,314
7860,29/11/06,-257,305
3795,28/11/06,-199,310
5972,27/11/06,-218,315
6395,26/11/06,-233,301
4127,25/11/06,-214,312
6842,24/11/06,-212,317
374,23/11/06,-159,320
2331,22/11/06,-197,330
3039,21/11/06,-208,353
826,20/11/06,-161,336
1654,19/11/06,-160,341
1603,18/11/06,-200,338
3143,17/11/06,-130,334
2543,16/11/06,-174,340
691,15/11/06,-147,345
4745,14/11/06,-153,345
4163,13/11/06,-171,345
5704,12/11/06,-162,362
4545,11/11/06,-165,355
7228,10/11/06,-188,370
4637,09/11/06,-167,360
4397,08/11/06,-151,355
5499,07/11/06,-172,350
4488,06/11/06,-160,380
4496,05/11/06,-163,365
7287,04/11/06,-129,365
7566,03/11/06,-168,360
125,02/11/06,-163,373
2661,01/11/06,-169,375
3428,31/10/06,-164,370
1402,30/10/06,-138,375
765,29/10/06,-122,365
1795,28/10/06,-98,383
1530,27/10/06,-122,375
788,26/10/06,-145,370
1088,25/10/06,-196,463
3020,24/10/06,-132,368
2291,23/10/06,-74,370
5,22/10/06,-71,370
314,21/10/06,-88,395
7101,20/10/06,-104,375
7486,19/10/06,-97,410
4621,18/10/06,-99,405
6187,17/10/06,-86,400
5611,16/10/06,-94,380
5291,15/10/06,-85,375
6247,14/10/06,-65,389
4629,13/10/06,-104,376
7225,12/10/06,-72,375
4905,11/10/06,-97,390
5771,10/10/06,-70,383
5928,09/10/06,-99,391
4689,08/10/06,-117,395
7392,07/10/06,-93,389
242,06/10/06,-94,414
2943,05/10/06,-41,415
3200,04/10/06,-26,408
1501,03/10/06,-42,413
2081,02/10/06,-48,415
1316,01/10/06,-35,423
1384,30/09/06,-49,407
2263,29/09/06,-61,400
239,28/09/06,-49,390
464,27/09/06,-44,394
6996,26/09/06,-39,403
3840,25/09/06,-35,403
6370,24/09/06,-15,410
5417,23/09/06,4,400
3968,22/09/06,3,433
8040,21/09/06,-12,425
6847,20/09/06,-55,412
4732,19/09/06,-68,433
3959,18/09/06,-68,435
6263,17/09/06,-32,410
5759,16/09/06,-5,399
5260,15/09/06,-57,391
6149,14/09/06,-51,388
4198,13/09/06,-43,391
5023,12/09/06,-29,395
6951,11/09/06,-30,380
7414,10/09/06,-45,375
0,09/09/06,-29,375
132,08/09/06,-18,368
2669,07/09/06,12,395
2248,06/09/06,25,410
3606,05/09/06,11,390
3009,04/09/06,10,385
1166,03/09/06,14,395
953,02/09/06,19,405
1607,01/09/06,20,395
1707,31/08/06,28,390
1804,30/08/06,44,380
1464,29/08/06,29,385
1599,28/08/06,30,405
1877,27/08/06,28,390
954,26/08/06,27,395
1004,25/08/06,-5,390
860,24/08/06,26,385
828,23/08/06,9,370
1109,22/08/06,36,375
3248,21/08/06,11,372
3334,20/08/06,1,403
2995,19/08/06,57,402
3135,18/08/06,40,402
3690,17/08/06,32,396
3497,16/08/06,40,396
2529,15/08/06,37,400
2301,14/08/06,41,410
2329,13/08/06,29,399
2622,12/08/06,25,405
83,11/08/06,14,405
37,10/08/06,33,398
507,09/08/06,21,389
237,08/08/06,21,386
286,07/08/06,6,392
8371,06/08/06,-5,398
7653,05/08/06,-15,397
6790,04/08/06,-15,415
7970,03/08/06,-6,422
7310,02/08/06,-7,421
6878,01/08/06,-1,432
7707,31/07/06,22,414
4830,30/07/06,8,401
5211,29/07/06,32,425
4026,28/07/06,29,420
3794,27/07/06,6,425
3922,26/07/06,-20,406
4193,25/07/06,-25,422
6021,24/07/06,-13,418
6590,23/07/06,-13,425
5450,22/07/06,56,430
5294,21/07/06,50,416
5841,20/07/06,44,423
5642,19/07/06,52,425
5310,18/07/06,54,425
6387,17/07/06,55,424
6026,16/07/06,58,410
4481,15/07/06,29,425
4103,14/07/06,60,430
4019,13/07/06,60,440
4676,12/07/06,39,425
7092,11/07/06,19,435
7245,10/07/06,9,440
7036,09/07/06,24,433
7493,08/07/06,3,435
8120,07/07/06,32,435
7585,06/07/06,39,449
8008,05/07/06,56,465
4916,04/07/06,49,460
3811,03/07/06,13,448
6717,02/07/06,30,445
5316,01/07/06,29,425
5757,30/06/06,35,425
5258,29/06/06,29,430
6414,28/06/06,6,434
6257,27/06/06,10,434
4339,26/06/06,-13,434
4932,25/06/06,3,457
4670,24/06/06,-16,490
7742,23/06/06,-21,485
7372,22/06/06,-2,465
6743,21/06/06,-18,427
7725,20/06/06,-15,426
234,19/06/06,-31,427
47,18/06/06,21,434
320,17/06/06,16,434
2803,16/06/06,5,465
2396,15/06/06,-4,460
2514,14/06/06,-5,440
3666,13/06/06,1,450
2994,12/06/06,-2,465
1113,11/06/06,21,459
1326,10/06/06,17,475
730,09/06/06,9,474
1878,08/06/06,25,455
1566,07/06/06,27,433
1531,06/06/06,13,442
1547,05/06/06,13,415
2131,04/06/06,9,414
963,03/06/06,16,432
879,02/06/06,22,437
1243,01/06/06,15,457
3086,31/05/06,-31,460
2521,30/05/06,-7,494
2299,29/05/06,-8,496
2715,28/05/06,-51,485
156,27/05/06,-10,472
321,26/05/06,-55,465
7073,25/05/06,-68,470
7403,24/05/06,-61,475
7083,23/05/06,-53,455
5050,22/05/06,-62,475
3937,21/05/06,-102,462
4191,20/05/06,-77,455
6154,19/05/06,-1,461
5953,18/05/06,-71,443
5682,17/05/06,-57,446
6025,16/05/06,-95,452
3879,15/05/06,-81,458
4560,14/05/06,-106,472
6863,13/05/06,-93,475
8077,12/05/06,-71,475
6766,11/05/06,-40,467
6861,10/05/06,-59,485
4744,09/05/06,-45,485
5137,08/05/06,-32,475
4118,07/05/06,-61,476
4176,06/05/06,-67,478
6440,05/05/06,-68,480
5537,04/05/06,-45,470
5659,03/05/06,-57,465
5434,02/05/06,-46,455
5616,01/05/06,-86,445
6404,30/04/06,-95,448
6041,29/04/06,-106,450
4174,28/04/06,-108,451
3932,27/04/06,-99,445
5010,26/04/06,-90,428
4616,25/04/06,-97,445
4774,24/04/06,-148,428
6834,23/04/06,-114,435
7391,22/04/06,-98,420
6875,21/04/06,-86,405
6833,20/04/06,-74,430
596,19/04/06,-75,397
439,18/04/06,-124,405
186,17/04/06,-120,403
350,16/04/06,-155,416
587,15/04/06,-150,421
2831,14/04/06,-117,407
2855,13/04/06,-117,420
2304,12/04/06,-117,414
3462,11/04/06,-83,430
3721,10/04/06,-52,428
3139,09/04/06,-161,428
3234,08/04/06,-149,440
1118,07/04/06,-166,465
1293,06/04/06,-185,417
751,05/04/06,-163,406
908,04/04/06,-153,420
2151,03/04/06,-98,415
2114,02/04/06,-116,405
1480,01/04/06,-134,400
1716,31/03/06,-153,390
1496,30/03/06,-143,410
2144,29/03/06,-129,385
1865,28/03/06,-137,380
944,27/03/06,-139,383
790,26/03/06,-128,398
1308,25/03/06,-185,402
1195,24/03/06,-149,384
2992,23/03/06,-193,385
3685,22/03/06,-170,378
2516,21/03/06,-151,375
2547,20/03/06,-181,373
2893,19/03/06,-186,375
2625,18/03/06,-192,366
432,17/03/06,-179,350
181,16/03/06,-147,340
327,15/03/06,-198,340
598,14/03/06,-235,333
7557,13/03/06,-241,335
6872,12/03/06,-156,355
6735,11/03/06,-111,345
7886,10/03/06,-181,343
4521,09/03/06,-210,345
4926,08/03/06,-175,366
3857,07/03/06,-198,366
4317,06/03/06,-170,359
6561,05/03/06,-185,368
5619,04/03/06,-172,355
5344,03/03/06,-156,370
5672,02/03/06,-241,365
5396,01/03/06,-182,360
6256,28/02/06,-181,364
4154,27/02/06,-162,375
4038,26/02/06,-158,378
4580,25/02/06,-172,380
7134,24/02/06,-160,384
7990,23/02/06,-175,374
8081,22/02/06,-167,378
6881,21/02/06,-146,379
4607,20/02/06,-159,375
3784,19/02/06,-195,368
6676,18/02/06,-219,358
5692,17/02/06,-231,350
5319,16/02/06,-215,350
4207,15/02/06,-169,365
3976,14/02/06,-146,349
4778,13/02/06,-179,355
6793,12/02/06,-119,356
6891,11/02/06,-222,355
414,10/02/06,-191,345
92,09/02/06,-172,355
2623,08/02/06,-162,325
2275,07/02/06,-209,328
3410,06/02/06,-190,334
3004,05/02/06,-241,346
1264,04/02/06,-191,309
734,03/02/06,-190,346
1874,02/02/06,-185,349
1558,01/02/06,-180,340
1740,31/01/06,-196,336
1580,30/01/06,-197,332
1864,29/01/06,-155,315
778,28/01/06,-177,330
1277,27/01/06,-226,306
3180,26/01/06,-250,295
3018,25/01/06,-236,290
3423,24/01/06,-269,270
2462,23/01/06,-235,304
2422,22/01/06,-253,290
2717,21/01/06,-216,322
447,20/01/06,-225,319
86,19/01/06,-215,321
718,18/01/06,-158,325
8004,17/01/06,-177,322
7556,16/01/06,-167,334
4715,15/01/06,-224,346
5104,14/01/06,-250,311
3786,13/01/06,-210,302
4173,12/01/06,-242,314
6588,11/01/06,-190,320
5317,10/01/06,-236,296
5371,09/01/06,-267,296
5395,08/01/06,-260,296
6128,07/01/06,-266,283
3822,06/01/06,-276,280
4665,05/01/06,-206,278
7565,04/01/06,-166,293
6740,03/01/06,-159,295
7171,02/01/06,-168,295
7428,01/01/06,-189,294
7421,31/12/05,-249,298
7728,30/12/05,-241,290
4585,29/12/05,-199,295
4050,28/12/05,-230,295
3825,27/12/05,-239,297
4183,26/12/05,-271,287
6360,25/12/05,-235,268
5477,24/12/05,-232,267
5853,23/12/05,-227,278
5661,22/12/05,-231,277
5290,21/12/05,-247,280
6510,20/12/05,-253,279
6107,19/12/05,-226,290
6010,18/12/05,-227,276
4233,17/12/05,-243,288
3810,16/12/05,-234,323
3970,15/12/05,-251,284
5161,14/12/05,-264,290
4791,13/12/05,-246,299
7861,12/12/05,-268,293
6795,11/12/05,-246,295
7210,10/12/05,-249,315
7978,09/12/05,-194,332
7413,08/12/05,-221,330
7890,07/12/05,-247,322
140,06/12/05,-245,320
416,05/12/05,-251,314
339,04/12/05,-256,313
108,03/12/05,-232,306
195,02/12/05,-219,306
2692,01/12/05,-211,314
2369,30/11/05,-219,317
2246,29/11/05,-215,317
2502,28/11/05,-187,320
3441,27/11/05,-178,330
3628,26/11/05,-223,331
3010,25/11/05,-213,340
3181,24/11/05,-193,340
1119,23/11/05,-200,340
1374,22/11/05,-198,345
876,21/11/05,-194,339
782,20/11/05,-199,350
959,19/11/05,-232,344
1938,18/11/05,-172,364
2060,17/11/05,-156,350
1512,16/11/05,-164,350
1682,15/11/05,-173,355
1673,14/11/05,-149,355
1539,13/11/05,-175,334
2061,12/11/05,-161,335
1879,11/11/05,-142,344
1971,10/11/05,-148,350
998,09/11/05,-163,350
723,08/11/05,-153,350
1424,07/11/05,-155,334
1124,06/11/05,-171,350
3185,05/11/05,-138,360
3072,04/11/05,-145,350
3119,03/11/05,-146,355
3694,02/11/05,-134,349
3415,01/11/05,-135,360
2452,31/10/05,-135,375
2269,30/10/05,-124,390
2809,29/10/05,-133,370
2660,28/10/05,-120,385
105,27/10/05,-128,380
331,26/10/05,-104,390
312,25/10/05,-139,385
89,24/10/05,-169,395
266,23/10/05,-121,390
8011,22/10/05,-117,380
6799,21/10/05,-93,380
7719,20/10/05,-104,384
7348,19/10/05,-104,380
6741,18/10/05,-62,392
8216,17/10/05,-65,388
7934,16/10/05,-76,400
4537,15/10/05,-107,387
5047,14/10/05,-91,390
4966,13/10/05,-67,382
3781,12/10/05,-81,370
4360,11/10/05,-40,389
4272,10/10/05,-36,389
6064,09/10/05,-56,400
6410,08/10/05,-61,381
5559,07/10/05,-56,391
5275,06/10/05,-57,393
5628,05/10/05,-17,384
5790,04/10/05,-38,379
5406,03/10/05,-53,380
6350,02/10/05,-47,388
6005,01/10/05,-21,385
3788,30/09/05,-17,385
4058,29/09/05,-16,381
4651,28/09/05,2,381
7785,27/09/05,7,390
7425,26/09/05,14,390
7169,25/09/05,2,400
6808,24/09/05,5,393
6904,23/09/05,0,400
7532,22/09/05,2,415
4550,21/09/05,-11,425
3847,20/09/05,-15,405
6266,19/09/05,22,395
5546,18/09/05,7,395
5708,17/09/05,-1,400
5662,16/09/05,-28,383
6516,15/09/05,2,365
6048,14/09/05,35,380
3779,13/09/05,6,385
4936,12/09/05,-31,420
4782,11/09/05,-3,410
4746,10/09/05,-10,375
6943,09/09/05,-29,379
7081,08/09/05,-55,416
7791,07/09/05,-37,436
53,06/09/05,-22,436
249,05/09/05,-17,434
535,04/09/05,-7,437
2821,03/09/05,18,417
2244,02/09/05,17,421
3468,01/09/05,14,421
3076,31/08/05,6,406
3183,30/08/05,43,398
1382,29/08/05,27,398
818,28/08/05,-4,407
905,27/08/05,9,405
2094,26/08/05,39,405
1753,25/08/05,39,410
1652,24/08/05,15,410
2104,23/08/05,18,414
974,22/08/05,15,420
848,21/08/05,12,420
1211,20/08/05,37,413
3163,19/08/05,40,417
2457,18/08/05,61,416
2265,17/08/05,21,413
26,16/08/05,9,400
264,15/08/05,42,408
171,14/08/05,64,410
7332,13/08/05,56,418
6761,12/08/05,42,402
4841,11/08/05,30,370
4947,10/08/05,49,402
4442,09/08/05,52,380
6286,08/08/05,52,374
5993,07/08/05,26,415
5352,06/08/05,31,405
5446,05/08/05,6,428
3960,04/08/05,66,427
4823,03/08/05,32,417
6800,02/08/05,27,415
7670,01/08/05,66,412
7317,31/07/05,50,420
7087,30/07/05,62,415
7851,29/07/05,66,405
4611,28/07/05,71,405
4059,27/07/05,65,430
4307,26/07/05,70,430
6002,25/07/05,53,426
5808,24/07/05,42,435
5711,23/07/05,14,417
5265,22/07/05,34,403
5527,21/07/05,8,406
6594,20/07/05,6,408
6305,19/07/05,24,395
4372,18/07/05,65,395
3957,17/07/05,40,420
4909,16/07/05,48,404
4573,15/07/05,20,407
7713,14/07/05,35,429
6929,13/07/05,39,402
7605,12/07/05,-11,412
6836,11/07/05,-11,410
7050,10/07/05,1,435
360,09/07/05,55,396
393,08/07/05,60,394
142,07/07/05,20,396
114,06/07/05,38,398
2923,05/07/05,50,385
2371,04/07/05,39,378
2259,03/07/05,21,406
3555,02/07/05,24,404
3608,01/07/05,48,428
3058,30/06/05,16,430
3220,29/06/05,37,432
1106,28/06/05,-16,451
884,27/06/05,7,432
872,26/06/05,3,460
1993,25/06/05,-25,431
2154,24/06/05,28,433
1506,23/06/05,20,442
1796,22/06/05,17,447
1715,21/06/05,7,447
1470,20/06/05,6,471
2070,19/06/05,21,471
1932,18/06/05,10,467
983,17/06/05,19,458
785,16/06/05,28,447
865,15/06/05,13,444
1144,14/06/05,13,445
1200,13/06/05,-12,445
3002,12/06/05,-14,464
3090,11/06/05,5,456
3613,10/06/05,-7,450
3559,09/06/05,1,438
2546,08/06/05,-15,431
2334,07/06/05,-26,451
2827,06/06/05,-45,452
2648,05/06/05,-18,452
110,04/06/05,-19,505
194,03/06/05,0,452
230,02/06/05,2,448
198,01/06/05,6,440
7194,31/05/05,-10,450
7351,30/05/05,-60,452
7815,29/05/05,-58,456
7489,28/05/05,-41,445
6949,27/05/05,-29,437
7827,26/05/05,-56,450
4495,25/05/05,-54,447
5008,24/05/05,-54,443
4002,23/05/05,-55,454
4390,22/05/05,-64,454
4162,21/05/05,-41,453
6032,20/05/05,-69,453
6535,19/05/05,-50,444
5576,18/05/05,-47,442
5398,17/05/05,-80,450
5626,16/05/05,-57,450
5610,15/05/05,-88,465
6363,14/05/05,-43,434
6115,13/05/05,-27,444
4186,12/05/05,-42,430
4085,11/05/05,-14,418
4527,10/05/05,-65,419
7824,09/05/05,-55,418
7193,08/05/05,-50,433
7060,07/05/05,-35,408
7986,06/05/05,-51,408
6962,05/05/05,-88,383
7184,04/05/05,-55,383
4564,03/05/05,-22,389
4110,02/05/05,-79,398
5596,01/05/05,-57,410
5639,30/04/05,-74,403
5304,29/04/05,-89,404
5510,28/04/05,-53,425
4318,27/04/05,-83,425
3846,26/04/05,-64,411
4567,25/04/05,-92,415
7810,24/04/05,-98,433
6779,23/04/05,-113,418
6898,22/04/05,-83,424
7917,21/04/05,-101,425
139,20/04/05,-154,415
307,19/04/05,-157,418
2922,18/04/05,-138,404
2270,17/04/05,-108,426
2475,16/04/05,-115,418
3629,15/04/05,-129,415
1210,14/04/05,-161,404
1378,13/04/05,-169,380
760,12/04/05,-160,368
955,11/04/05,-119,368
1635,10/04/05,-122,367
1826,09/04/05,-112,378
1693,08/04/05,-63,418
1488,07/04/05,-72,418
1926,06/04/05,-107,418
942,05/04/05,-134,411
863,04/04/05,-145,403
1105,03/04/05,-134,420
3242,02/04/05,-189,378
2993,01/04/05,-182,359
3432,31/03/05,-171,382
3523,30/03/05,-129,402
2315,29/03/05,-150,396
2804,28/03/05,-138,389
615,27/03/05,-152,400
328,26/03/05,-144,384
154,25/03/05,-121,370
433,24/03/05,-142,365
7119,23/03/05,-127,356
6746,22/03/05,-154,388
7233,21/03/05,-106,388
8223,20/03/05,-84,399
4511,19/03/05,-112,380
5134,18/03/05,-132,380
4140,17/03/05,-114,380
4190,16/03/05,-148,380
6129,15/03/05,-96,376
5506,14/03/05,-174,415
5263,13/03/05,-201,370
5629,12/03/05,-192,360
5313,11/03/05,-199,340
6664,10/03/05,-197,334
4319,09/03/05,-140,324
4869,08/03/05,-169,345
4688,07/03/05,-151,355
7138,06/03/05,-184,368
6914,05/03/05,-187,356
7584,04/03/05,-243,351
7487,03/03/05,-230,344
7257,02/03/05,-199,195
7018,01/03/05,-145,335
6829,28/02/05,-200,371
4764,27/02/05,-189,373
4666,26/02/05,-186,325
4981,25/02/05,-152,325
3771,24/02/05,-214,310
4223,23/02/05,-198,295
6060,22/02/05,-233,275
6567,21/02/05,-207,268
5541,20/02/05,-218,350
5336,19/02/05,-264,335
5799,18/02/05,-251,305
5831,17/02/05,-204,302
5427,16/02/05,-183,300
5478,15/02/05,-173,313
6585,14/02/05,-179,330
6127,13/02/05,-200,346
4278,12/02/05,-176,331
4249,11/02/05,-229,313
3888,10/02/05,-216,318
3999,09/02/05,-243,310
4892,08/02/05,-155,292
4620,07/02/05,-235,287
4528,06/02/05,-235,311
4713,05/02/05,-240,295
7035,04/02/05,-208,271
6822,03/02/05,-220,270
7337,02/02/05,-213,265
8045,01/02/05,-219,260
6807,31/01/05,-237,265
6857,30/01/05,-266,262
7868,29/01/05,-247,235
168,28/01/05,-237,250
540,27/01/05,-244,284
10,26/01/05,-245,240
408,25/01/05,-209,235
265,24/01/05,-213,282
2640,23/01/05,-201,266
2657,22/01/05,-238,275
2840,21/01/05,-258,245
2261,20/01/05,-285,268
2561,19/01/05,-228,238
2498,18/01/05,-218,250
3538,17/01/05,-215,288
3679,16/01/05,-216,288
3116,15/01/05,-238,270
3063,14/01/05,-248,260
3354,13/01/05,-264,285
1176,12/01/05,-239,275
1091,11/01/05,-240,250
1278,10/01/05,-235,271
867,09/01/05,-285,292
806,08/01/05,-224,274
920,07/01/05,-231,275
1975,06/01/05,-174,270
1912,05/01/05,-213,245
2110,04/01/05,-194,249
1515,03/01/05,-205,277
1784,02/01/05,-199,266
1680,01/01/05,-205,268